step,domain,key,tree,measure,value
0,agnews,halfA,real,selectivity_coherence_median,0.32227083083969266
0,agnews,halfA,real,selectivity_frac_coherent,0.08
0,agnews,halfA,real,selectivity_prefers_whitespace,0.03
0,agnews,halfA,real,selectivity_prefers_punctuation,0.33
0,agnews,halfA,real,selectivity_prefers_digit,0.05
0,agnews,halfA,real,selectivity_prefers_function_word,0.33
0,agnews,halfA,real,selectivity_prefers_content_word,0.11
0,agnews,halfA,real,selectivity_prefers_continuation,0.15
0,agnews,halfA,real,selectivity_prefers_other,0.0
0,agnews,halfA,null,selectivity_coherence_median,0.16090109579333428
0,agnews,halfA,null,selectivity_frac_coherent,0.0
0,agnews,halfA,null,selectivity_prefers_whitespace,0.0
0,agnews,halfA,null,selectivity_prefers_punctuation,0.06
0,agnews,halfA,null,selectivity_prefers_digit,0.02
0,agnews,halfA,null,selectivity_prefers_function_word,0.25
0,agnews,halfA,null,selectivity_prefers_content_word,0.32
0,agnews,halfA,null,selectivity_prefers_continuation,0.35
0,agnews,halfA,null,selectivity_prefers_other,0.0
0,agnews,halfB,real,selectivity_coherence_median,0.31704481653902
0,agnews,halfB,real,selectivity_frac_coherent,0.07
0,agnews,halfB,real,selectivity_prefers_whitespace,0.04
0,agnews,halfB,real,selectivity_prefers_punctuation,0.32
0,agnews,halfB,real,selectivity_prefers_digit,0.06
0,agnews,halfB,real,selectivity_prefers_function_word,0.32
0,agnews,halfB,real,selectivity_prefers_content_word,0.11
0,agnews,halfB,real,selectivity_prefers_continuation,0.15
0,agnews,halfB,real,selectivity_prefers_other,0.0
0,agnews,halfB,null,selectivity_coherence_median,0.16667703772224707
0,agnews,halfB,null,selectivity_frac_coherent,0.0
0,agnews,halfB,null,selectivity_prefers_whitespace,0.01
0,agnews,halfB,null,selectivity_prefers_punctuation,0.06
0,agnews,halfB,null,selectivity_prefers_digit,0.06
0,agnews,halfB,null,selectivity_prefers_function_word,0.19
0,agnews,halfB,null,selectivity_prefers_content_word,0.29
0,agnews,halfB,null,selectivity_prefers_continuation,0.39
0,agnews,halfB,null,selectivity_prefers_other,0.0
0,bookcorpus,halfA,real,selectivity_coherence_median,0.35752738808987683
0,bookcorpus,halfA,real,selectivity_frac_coherent,0.11
0,bookcorpus,halfA,real,selectivity_prefers_whitespace,0.0
0,bookcorpus,halfA,real,selectivity_prefers_punctuation,0.37
0,bookcorpus,halfA,real,selectivity_prefers_digit,0.18
0,bookcorpus,halfA,real,selectivity_prefers_function_word,0.27
0,bookcorpus,halfA,real,selectivity_prefers_content_word,0.05
0,bookcorpus,halfA,real,selectivity_prefers_continuation,0.13
0,bookcorpus,halfA,real,selectivity_prefers_other,0.0
0,bookcorpus,halfA,null,selectivity_coherence_median,0.17430125034340965
0,bookcorpus,halfA,null,selectivity_frac_coherent,0.0
0,bookcorpus,halfA,null,selectivity_prefers_whitespace,0.0
0,bookcorpus,halfA,null,selectivity_prefers_punctuation,0.0
0,bookcorpus,halfA,null,selectivity_prefers_digit,0.39
0,bookcorpus,halfA,null,selectivity_prefers_function_word,0.16
0,bookcorpus,halfA,null,selectivity_prefers_content_word,0.17
0,bookcorpus,halfA,null,selectivity_prefers_continuation,0.28
0,bookcorpus,halfA,null,selectivity_prefers_other,0.0
0,bookcorpus,halfB,real,selectivity_coherence_median,0.3478466994709591
0,bookcorpus,halfB,real,selectivity_frac_coherent,0.11
0,bookcorpus,halfB,real,selectivity_prefers_whitespace,0.0
0,bookcorpus,halfB,real,selectivity_prefers_punctuation,0.35
0,bookcorpus,halfB,real,selectivity_prefers_digit,0.16
0,bookcorpus,halfB,real,selectivity_prefers_function_word,0.29
0,bookcorpus,halfB,real,selectivity_prefers_content_word,0.05
0,bookcorpus,halfB,real,selectivity_prefers_continuation,0.14
0,bookcorpus,halfB,real,selectivity_prefers_other,0.01
0,bookcorpus,halfB,null,selectivity_coherence_median,0.17178851032971926
0,bookcorpus,halfB,null,selectivity_frac_coherent,0.0
0,bookcorpus,halfB,null,selectivity_prefers_whitespace,0.0
0,bookcorpus,halfB,null,selectivity_prefers_punctuation,0.01
0,bookcorpus,halfB,null,selectivity_prefers_digit,0.34
0,bookcorpus,halfB,null,selectivity_prefers_function_word,0.19
0,bookcorpus,halfB,null,selectivity_prefers_content_word,0.16
0,bookcorpus,halfB,null,selectivity_prefers_continuation,0.3
0,bookcorpus,halfB,null,selectivity_prefers_other,0.0
0,tldr17,halfA,real,selectivity_coherence_median,0.41735828070547754
0,tldr17,halfA,real,selectivity_frac_coherent,0.25
0,tldr17,halfA,real,selectivity_prefers_whitespace,0.11
0,tldr17,halfA,real,selectivity_prefers_punctuation,0.34
0,tldr17,halfA,real,selectivity_prefers_digit,0.07
0,tldr17,halfA,real,selectivity_prefers_function_word,0.26
0,tldr17,halfA,real,selectivity_prefers_content_word,0.09
0,tldr17,halfA,real,selectivity_prefers_continuation,0.11
0,tldr17,halfA,real,selectivity_prefers_other,0.02
0,tldr17,halfA,null,selectivity_coherence_median,0.10719928992269252
0,tldr17,halfA,null,selectivity_frac_coherent,0.0
0,tldr17,halfA,null,selectivity_prefers_whitespace,0.01
0,tldr17,halfA,null,selectivity_prefers_punctuation,0.01
0,tldr17,halfA,null,selectivity_prefers_digit,0.2
0,tldr17,halfA,null,selectivity_prefers_function_word,0.19
0,tldr17,halfA,null,selectivity_prefers_content_word,0.27
0,tldr17,halfA,null,selectivity_prefers_continuation,0.31
0,tldr17,halfA,null,selectivity_prefers_other,0.01
0,tldr17,halfB,real,selectivity_coherence_median,0.3907621650514641
0,tldr17,halfB,real,selectivity_frac_coherent,0.26
0,tldr17,halfB,real,selectivity_prefers_whitespace,0.07
0,tldr17,halfB,real,selectivity_prefers_punctuation,0.36
0,tldr17,halfB,real,selectivity_prefers_digit,0.07
0,tldr17,halfB,real,selectivity_prefers_function_word,0.25
0,tldr17,halfB,real,selectivity_prefers_content_word,0.08
0,tldr17,halfB,real,selectivity_prefers_continuation,0.16
0,tldr17,halfB,real,selectivity_prefers_other,0.01
0,tldr17,halfB,null,selectivity_coherence_median,0.1132909652945116
0,tldr17,halfB,null,selectivity_frac_coherent,0.0
0,tldr17,halfB,null,selectivity_prefers_whitespace,0.0
0,tldr17,halfB,null,selectivity_prefers_punctuation,0.03
0,tldr17,halfB,null,selectivity_prefers_digit,0.22
0,tldr17,halfB,null,selectivity_prefers_function_word,0.19
0,tldr17,halfB,null,selectivity_prefers_content_word,0.19
0,tldr17,halfB,null,selectivity_prefers_continuation,0.36
0,tldr17,halfB,null,selectivity_prefers_other,0.01
0,wikitext,halfA,real,selectivity_coherence_median,0.34659356865766233
0,wikitext,halfA,real,selectivity_frac_coherent,0.09
0,wikitext,halfA,real,selectivity_prefers_whitespace,0.03
0,wikitext,halfA,real,selectivity_prefers_punctuation,0.33
0,wikitext,halfA,real,selectivity_prefers_digit,0.21
0,wikitext,halfA,real,selectivity_prefers_function_word,0.26
0,wikitext,halfA,real,selectivity_prefers_content_word,0.05
0,wikitext,halfA,real,selectivity_prefers_continuation,0.09
0,wikitext,halfA,real,selectivity_prefers_other,0.03
0,wikitext,halfA,null,selectivity_coherence_median,0.15527290925739473
0,wikitext,halfA,null,selectivity_frac_coherent,0.0
0,wikitext,halfA,null,selectivity_prefers_whitespace,0.0
0,wikitext,halfA,null,selectivity_prefers_punctuation,0.02
0,wikitext,halfA,null,selectivity_prefers_digit,0.33
0,wikitext,halfA,null,selectivity_prefers_function_word,0.15
0,wikitext,halfA,null,selectivity_prefers_content_word,0.2
0,wikitext,halfA,null,selectivity_prefers_continuation,0.27
0,wikitext,halfA,null,selectivity_prefers_other,0.03
0,wikitext,halfB,real,selectivity_coherence_median,0.34934531816955877
0,wikitext,halfB,real,selectivity_frac_coherent,0.1
0,wikitext,halfB,real,selectivity_prefers_whitespace,0.03
0,wikitext,halfB,real,selectivity_prefers_punctuation,0.34
0,wikitext,halfB,real,selectivity_prefers_digit,0.17
0,wikitext,halfB,real,selectivity_prefers_function_word,0.28
0,wikitext,halfB,real,selectivity_prefers_content_word,0.02
0,wikitext,halfB,real,selectivity_prefers_continuation,0.13
0,wikitext,halfB,real,selectivity_prefers_other,0.03
0,wikitext,halfB,null,selectivity_coherence_median,0.15466347633553207
0,wikitext,halfB,null,selectivity_frac_coherent,0.0
0,wikitext,halfB,null,selectivity_prefers_whitespace,0.0
0,wikitext,halfB,null,selectivity_prefers_punctuation,0.04
0,wikitext,halfB,null,selectivity_prefers_digit,0.22
0,wikitext,halfB,null,selectivity_prefers_function_word,0.13
0,wikitext,halfB,null,selectivity_prefers_content_word,0.17
0,wikitext,halfB,null,selectivity_prefers_continuation,0.43
0,wikitext,halfB,null,selectivity_prefers_other,0.01
1000,agnews,halfA,real,selectivity_coherence_median,0.4617681102910841
1000,agnews,halfA,real,selectivity_frac_coherent,0.39
1000,agnews,halfA,real,selectivity_prefers_whitespace,0.03
1000,agnews,halfA,real,selectivity_prefers_punctuation,0.16
1000,agnews,halfA,real,selectivity_prefers_digit,0.09
1000,agnews,halfA,real,selectivity_prefers_function_word,0.18
1000,agnews,halfA,real,selectivity_prefers_content_word,0.31
1000,agnews,halfA,real,selectivity_prefers_continuation,0.19
1000,agnews,halfA,real,selectivity_prefers_other,0.04
1000,agnews,halfA,null,selectivity_coherence_median,0.15012430511868274
1000,agnews,halfA,null,selectivity_frac_coherent,0.0
1000,agnews,halfA,null,selectivity_prefers_whitespace,0.01
1000,agnews,halfA,null,selectivity_prefers_punctuation,0.1
1000,agnews,halfA,null,selectivity_prefers_digit,0.02
1000,agnews,halfA,null,selectivity_prefers_function_word,0.08
1000,agnews,halfA,null,selectivity_prefers_content_word,0.74
1000,agnews,halfA,null,selectivity_prefers_continuation,0.05
1000,agnews,halfA,null,selectivity_prefers_other,0.0
1000,agnews,halfB,real,selectivity_coherence_median,0.4609813058462632
1000,agnews,halfB,real,selectivity_frac_coherent,0.42
1000,agnews,halfB,real,selectivity_prefers_whitespace,0.04
1000,agnews,halfB,real,selectivity_prefers_punctuation,0.15
1000,agnews,halfB,real,selectivity_prefers_digit,0.09
1000,agnews,halfB,real,selectivity_prefers_function_word,0.2
1000,agnews,halfB,real,selectivity_prefers_content_word,0.29
1000,agnews,halfB,real,selectivity_prefers_continuation,0.19
1000,agnews,halfB,real,selectivity_prefers_other,0.04
1000,agnews,halfB,null,selectivity_coherence_median,0.16862962738344855
1000,agnews,halfB,null,selectivity_frac_coherent,0.0
1000,agnews,halfB,null,selectivity_prefers_whitespace,0.0
1000,agnews,halfB,null,selectivity_prefers_punctuation,0.04
1000,agnews,halfB,null,selectivity_prefers_digit,0.03
1000,agnews,halfB,null,selectivity_prefers_function_word,0.06
1000,agnews,halfB,null,selectivity_prefers_content_word,0.81
1000,agnews,halfB,null,selectivity_prefers_continuation,0.06
1000,agnews,halfB,null,selectivity_prefers_other,0.0
1000,bookcorpus,halfA,real,selectivity_coherence_median,0.4254206045561762
1000,bookcorpus,halfA,real,selectivity_frac_coherent,0.15
1000,bookcorpus,halfA,real,selectivity_prefers_whitespace,0.02
1000,bookcorpus,halfA,real,selectivity_prefers_punctuation,0.19
1000,bookcorpus,halfA,real,selectivity_prefers_digit,0.06
1000,bookcorpus,halfA,real,selectivity_prefers_function_word,0.25
1000,bookcorpus,halfA,real,selectivity_prefers_content_word,0.34
1000,bookcorpus,halfA,real,selectivity_prefers_continuation,0.08
1000,bookcorpus,halfA,real,selectivity_prefers_other,0.06
1000,bookcorpus,halfA,null,selectivity_coherence_median,0.18888504724730687
1000,bookcorpus,halfA,null,selectivity_frac_coherent,0.01
1000,bookcorpus,halfA,null,selectivity_prefers_whitespace,0.02
1000,bookcorpus,halfA,null,selectivity_prefers_punctuation,0.0
1000,bookcorpus,halfA,null,selectivity_prefers_digit,0.09
1000,bookcorpus,halfA,null,selectivity_prefers_function_word,0.23
1000,bookcorpus,halfA,null,selectivity_prefers_content_word,0.63
1000,bookcorpus,halfA,null,selectivity_prefers_continuation,0.02
1000,bookcorpus,halfA,null,selectivity_prefers_other,0.01
1000,bookcorpus,halfB,real,selectivity_coherence_median,0.4192623931905335
1000,bookcorpus,halfB,real,selectivity_frac_coherent,0.13
1000,bookcorpus,halfB,real,selectivity_prefers_whitespace,0.01
1000,bookcorpus,halfB,real,selectivity_prefers_punctuation,0.21
1000,bookcorpus,halfB,real,selectivity_prefers_digit,0.04
1000,bookcorpus,halfB,real,selectivity_prefers_function_word,0.27
1000,bookcorpus,halfB,real,selectivity_prefers_content_word,0.32
1000,bookcorpus,halfB,real,selectivity_prefers_continuation,0.08
1000,bookcorpus,halfB,real,selectivity_prefers_other,0.07
1000,bookcorpus,halfB,null,selectivity_coherence_median,0.18213407810569188
1000,bookcorpus,halfB,null,selectivity_frac_coherent,0.0
1000,bookcorpus,halfB,null,selectivity_prefers_whitespace,0.0
1000,bookcorpus,halfB,null,selectivity_prefers_punctuation,0.02
1000,bookcorpus,halfB,null,selectivity_prefers_digit,0.17
1000,bookcorpus,halfB,null,selectivity_prefers_function_word,0.19
1000,bookcorpus,halfB,null,selectivity_prefers_content_word,0.57
1000,bookcorpus,halfB,null,selectivity_prefers_continuation,0.05
1000,bookcorpus,halfB,null,selectivity_prefers_other,0.0
1000,tldr17,halfA,real,selectivity_coherence_median,0.49541079587592707
1000,tldr17,halfA,real,selectivity_frac_coherent,0.49
1000,tldr17,halfA,real,selectivity_prefers_whitespace,0.08
1000,tldr17,halfA,real,selectivity_prefers_punctuation,0.14
1000,tldr17,halfA,real,selectivity_prefers_digit,0.03
1000,tldr17,halfA,real,selectivity_prefers_function_word,0.17
1000,tldr17,halfA,real,selectivity_prefers_content_word,0.27
1000,tldr17,halfA,real,selectivity_prefers_continuation,0.13
1000,tldr17,halfA,real,selectivity_prefers_other,0.18
1000,tldr17,halfA,null,selectivity_coherence_median,0.13032989721135188
1000,tldr17,halfA,null,selectivity_frac_coherent,0.0
1000,tldr17,halfA,null,selectivity_prefers_whitespace,0.0
1000,tldr17,halfA,null,selectivity_prefers_punctuation,0.0
1000,tldr17,halfA,null,selectivity_prefers_digit,0.07
1000,tldr17,halfA,null,selectivity_prefers_function_word,0.19
1000,tldr17,halfA,null,selectivity_prefers_content_word,0.52
1000,tldr17,halfA,null,selectivity_prefers_continuation,0.2
1000,tldr17,halfA,null,selectivity_prefers_other,0.02
1000,tldr17,halfB,real,selectivity_coherence_median,0.49036350271622214
1000,tldr17,halfB,real,selectivity_frac_coherent,0.46
1000,tldr17,halfB,real,selectivity_prefers_whitespace,0.08
1000,tldr17,halfB,real,selectivity_prefers_punctuation,0.14
1000,tldr17,halfB,real,selectivity_prefers_digit,0.04
1000,tldr17,halfB,real,selectivity_prefers_function_word,0.16
1000,tldr17,halfB,real,selectivity_prefers_content_word,0.23
1000,tldr17,halfB,real,selectivity_prefers_continuation,0.17
1000,tldr17,halfB,real,selectivity_prefers_other,0.18
1000,tldr17,halfB,null,selectivity_coherence_median,0.12936377542897332
1000,tldr17,halfB,null,selectivity_frac_coherent,0.0
1000,tldr17,halfB,null,selectivity_prefers_whitespace,0.02
1000,tldr17,halfB,null,selectivity_prefers_punctuation,0.01
1000,tldr17,halfB,null,selectivity_prefers_digit,0.19
1000,tldr17,halfB,null,selectivity_prefers_function_word,0.1
1000,tldr17,halfB,null,selectivity_prefers_content_word,0.45
1000,tldr17,halfB,null,selectivity_prefers_continuation,0.21
1000,tldr17,halfB,null,selectivity_prefers_other,0.02
1000,wikitext,halfA,real,selectivity_coherence_median,0.4339668928990652
1000,wikitext,halfA,real,selectivity_frac_coherent,0.35
1000,wikitext,halfA,real,selectivity_prefers_whitespace,0.04
1000,wikitext,halfA,real,selectivity_prefers_punctuation,0.23
1000,wikitext,halfA,real,selectivity_prefers_digit,0.1
1000,wikitext,halfA,real,selectivity_prefers_function_word,0.18
1000,wikitext,halfA,real,selectivity_prefers_content_word,0.25
1000,wikitext,halfA,real,selectivity_prefers_continuation,0.17
1000,wikitext,halfA,real,selectivity_prefers_other,0.03
1000,wikitext,halfA,null,selectivity_coherence_median,0.16264016913057144
1000,wikitext,halfA,null,selectivity_frac_coherent,0.0
1000,wikitext,halfA,null,selectivity_prefers_whitespace,0.01
1000,wikitext,halfA,null,selectivity_prefers_punctuation,0.04
1000,wikitext,halfA,null,selectivity_prefers_digit,0.17
1000,wikitext,halfA,null,selectivity_prefers_function_word,0.18
1000,wikitext,halfA,null,selectivity_prefers_content_word,0.57
1000,wikitext,halfA,null,selectivity_prefers_continuation,0.02
1000,wikitext,halfA,null,selectivity_prefers_other,0.01
1000,wikitext,halfB,real,selectivity_coherence_median,0.45185281282599665
1000,wikitext,halfB,real,selectivity_frac_coherent,0.4
1000,wikitext,halfB,real,selectivity_prefers_whitespace,0.05
1000,wikitext,halfB,real,selectivity_prefers_punctuation,0.23
1000,wikitext,halfB,real,selectivity_prefers_digit,0.09
1000,wikitext,halfB,real,selectivity_prefers_function_word,0.18
1000,wikitext,halfB,real,selectivity_prefers_content_word,0.21
1000,wikitext,halfB,real,selectivity_prefers_continuation,0.11
1000,wikitext,halfB,real,selectivity_prefers_other,0.13
1000,wikitext,halfB,null,selectivity_coherence_median,0.18180688218035618
1000,wikitext,halfB,null,selectivity_frac_coherent,0.0
1000,wikitext,halfB,null,selectivity_prefers_whitespace,0.0
1000,wikitext,halfB,null,selectivity_prefers_punctuation,0.02
1000,wikitext,halfB,null,selectivity_prefers_digit,0.14
1000,wikitext,halfB,null,selectivity_prefers_function_word,0.23
1000,wikitext,halfB,null,selectivity_prefers_content_word,0.46
1000,wikitext,halfB,null,selectivity_prefers_continuation,0.04
1000,wikitext,halfB,null,selectivity_prefers_other,0.11
143000,agnews,halfA,real,selectivity_coherence_median,0.46956646365289734
143000,agnews,halfA,real,selectivity_frac_coherent,0.45
143000,agnews,halfA,real,selectivity_prefers_whitespace,0.03
143000,agnews,halfA,real,selectivity_prefers_punctuation,0.2
143000,agnews,halfA,real,selectivity_prefers_digit,0.15
143000,agnews,halfA,real,selectivity_prefers_function_word,0.18
143000,agnews,halfA,real,selectivity_prefers_content_word,0.14
143000,agnews,halfA,real,selectivity_prefers_continuation,0.2
143000,agnews,halfA,real,selectivity_prefers_other,0.1
143000,agnews,halfA,null,selectivity_coherence_median,0.25781978631335617
143000,agnews,halfA,null,selectivity_frac_coherent,0.02
143000,agnews,halfA,null,selectivity_prefers_whitespace,0.0
143000,agnews,halfA,null,selectivity_prefers_punctuation,0.1
143000,agnews,halfA,null,selectivity_prefers_digit,0.12
143000,agnews,halfA,null,selectivity_prefers_function_word,0.36
143000,agnews,halfA,null,selectivity_prefers_content_word,0.05
143000,agnews,halfA,null,selectivity_prefers_continuation,0.31
143000,agnews,halfA,null,selectivity_prefers_other,0.06
143000,agnews,halfB,real,selectivity_coherence_median,0.46541766157149145
143000,agnews,halfB,real,selectivity_frac_coherent,0.47
143000,agnews,halfB,real,selectivity_prefers_whitespace,0.03
143000,agnews,halfB,real,selectivity_prefers_punctuation,0.18
143000,agnews,halfB,real,selectivity_prefers_digit,0.12
143000,agnews,halfB,real,selectivity_prefers_function_word,0.2
143000,agnews,halfB,real,selectivity_prefers_content_word,0.14
143000,agnews,halfB,real,selectivity_prefers_continuation,0.23
143000,agnews,halfB,real,selectivity_prefers_other,0.1
143000,agnews,halfB,null,selectivity_coherence_median,0.25164412027275274
143000,agnews,halfB,null,selectivity_frac_coherent,0.04
143000,agnews,halfB,null,selectivity_prefers_whitespace,0.0
143000,agnews,halfB,null,selectivity_prefers_punctuation,0.12
143000,agnews,halfB,null,selectivity_prefers_digit,0.09
143000,agnews,halfB,null,selectivity_prefers_function_word,0.48
143000,agnews,halfB,null,selectivity_prefers_content_word,0.01
143000,agnews,halfB,null,selectivity_prefers_continuation,0.27
143000,agnews,halfB,null,selectivity_prefers_other,0.03
143000,bookcorpus,halfA,real,selectivity_coherence_median,0.42299707488568483
143000,bookcorpus,halfA,real,selectivity_frac_coherent,0.25
143000,bookcorpus,halfA,real,selectivity_prefers_whitespace,0.0
143000,bookcorpus,halfA,real,selectivity_prefers_punctuation,0.14
143000,bookcorpus,halfA,real,selectivity_prefers_digit,0.06
143000,bookcorpus,halfA,real,selectivity_prefers_function_word,0.32
143000,bookcorpus,halfA,real,selectivity_prefers_content_word,0.22
143000,bookcorpus,halfA,real,selectivity_prefers_continuation,0.2
143000,bookcorpus,halfA,real,selectivity_prefers_other,0.06
143000,bookcorpus,halfA,null,selectivity_coherence_median,0.24208874920236917
143000,bookcorpus,halfA,null,selectivity_frac_coherent,0.01
143000,bookcorpus,halfA,null,selectivity_prefers_whitespace,0.0
143000,bookcorpus,halfA,null,selectivity_prefers_punctuation,0.18
143000,bookcorpus,halfA,null,selectivity_prefers_digit,0.07
143000,bookcorpus,halfA,null,selectivity_prefers_function_word,0.4
143000,bookcorpus,halfA,null,selectivity_prefers_content_word,0.14
143000,bookcorpus,halfA,null,selectivity_prefers_continuation,0.18
143000,bookcorpus,halfA,null,selectivity_prefers_other,0.03
143000,bookcorpus,halfB,real,selectivity_coherence_median,0.42715271187081527
143000,bookcorpus,halfB,real,selectivity_frac_coherent,0.24
143000,bookcorpus,halfB,real,selectivity_prefers_whitespace,0.0
143000,bookcorpus,halfB,real,selectivity_prefers_punctuation,0.16
143000,bookcorpus,halfB,real,selectivity_prefers_digit,0.05
143000,bookcorpus,halfB,real,selectivity_prefers_function_word,0.32
143000,bookcorpus,halfB,real,selectivity_prefers_content_word,0.24
143000,bookcorpus,halfB,real,selectivity_prefers_continuation,0.17
143000,bookcorpus,halfB,real,selectivity_prefers_other,0.06
143000,bookcorpus,halfB,null,selectivity_coherence_median,0.24357448101193074
143000,bookcorpus,halfB,null,selectivity_frac_coherent,0.0
143000,bookcorpus,halfB,null,selectivity_prefers_whitespace,0.0
143000,bookcorpus,halfB,null,selectivity_prefers_punctuation,0.14
143000,bookcorpus,halfB,null,selectivity_prefers_digit,0.08
143000,bookcorpus,halfB,null,selectivity_prefers_function_word,0.42
143000,bookcorpus,halfB,null,selectivity_prefers_content_word,0.17
143000,bookcorpus,halfB,null,selectivity_prefers_continuation,0.16
143000,bookcorpus,halfB,null,selectivity_prefers_other,0.03
143000,tldr17,halfA,real,selectivity_coherence_median,0.4956603608668527
143000,tldr17,halfA,real,selectivity_frac_coherent,0.48
143000,tldr17,halfA,real,selectivity_prefers_whitespace,0.05
143000,tldr17,halfA,real,selectivity_prefers_punctuation,0.14
143000,tldr17,halfA,real,selectivity_prefers_digit,0.11
143000,tldr17,halfA,real,selectivity_prefers_function_word,0.14
143000,tldr17,halfA,real,selectivity_prefers_content_word,0.14
143000,tldr17,halfA,real,selectivity_prefers_continuation,0.19
143000,tldr17,halfA,real,selectivity_prefers_other,0.23
143000,tldr17,halfA,null,selectivity_coherence_median,0.23472585353750586
143000,tldr17,halfA,null,selectivity_frac_coherent,0.0
143000,tldr17,halfA,null,selectivity_prefers_whitespace,0.0
143000,tldr17,halfA,null,selectivity_prefers_punctuation,0.05
143000,tldr17,halfA,null,selectivity_prefers_digit,0.15
143000,tldr17,halfA,null,selectivity_prefers_function_word,0.12
143000,tldr17,halfA,null,selectivity_prefers_content_word,0.06
143000,tldr17,halfA,null,selectivity_prefers_continuation,0.28
143000,tldr17,halfA,null,selectivity_prefers_other,0.34
143000,tldr17,halfB,real,selectivity_coherence_median,0.4726325942913352
143000,tldr17,halfB,real,selectivity_frac_coherent,0.46
143000,tldr17,halfB,real,selectivity_prefers_whitespace,0.04
143000,tldr17,halfB,real,selectivity_prefers_punctuation,0.15
143000,tldr17,halfB,real,selectivity_prefers_digit,0.1
143000,tldr17,halfB,real,selectivity_prefers_function_word,0.13
143000,tldr17,halfB,real,selectivity_prefers_content_word,0.13
143000,tldr17,halfB,real,selectivity_prefers_continuation,0.22
143000,tldr17,halfB,real,selectivity_prefers_other,0.23
143000,tldr17,halfB,null,selectivity_coherence_median,0.2416684546215313
143000,tldr17,halfB,null,selectivity_frac_coherent,0.0
143000,tldr17,halfB,null,selectivity_prefers_whitespace,0.01
143000,tldr17,halfB,null,selectivity_prefers_punctuation,0.04
143000,tldr17,halfB,null,selectivity_prefers_digit,0.24
143000,tldr17,halfB,null,selectivity_prefers_function_word,0.06
143000,tldr17,halfB,null,selectivity_prefers_content_word,0.05
143000,tldr17,halfB,null,selectivity_prefers_continuation,0.26
143000,tldr17,halfB,null,selectivity_prefers_other,0.34
143000,wikitext,halfA,real,selectivity_coherence_median,0.48414000844450544
143000,wikitext,halfA,real,selectivity_frac_coherent,0.43
143000,wikitext,halfA,real,selectivity_prefers_whitespace,0.08
143000,wikitext,halfA,real,selectivity_prefers_punctuation,0.15
143000,wikitext,halfA,real,selectivity_prefers_digit,0.09
143000,wikitext,halfA,real,selectivity_prefers_function_word,0.28
143000,wikitext,halfA,real,selectivity_prefers_content_word,0.15
143000,wikitext,halfA,real,selectivity_prefers_continuation,0.22
143000,wikitext,halfA,real,selectivity_prefers_other,0.03
143000,wikitext,halfA,null,selectivity_coherence_median,0.2338969085945074
143000,wikitext,halfA,null,selectivity_frac_coherent,0.02
143000,wikitext,halfA,null,selectivity_prefers_whitespace,0.04
143000,wikitext,halfA,null,selectivity_prefers_punctuation,0.04
143000,wikitext,halfA,null,selectivity_prefers_digit,0.05
143000,wikitext,halfA,null,selectivity_prefers_function_word,0.54
143000,wikitext,halfA,null,selectivity_prefers_content_word,0.01
143000,wikitext,halfA,null,selectivity_prefers_continuation,0.3
143000,wikitext,halfA,null,selectivity_prefers_other,0.02
143000,wikitext,halfB,real,selectivity_coherence_median,0.4994247752878181
143000,wikitext,halfB,real,selectivity_frac_coherent,0.5
143000,wikitext,halfB,real,selectivity_prefers_whitespace,0.07
143000,wikitext,halfB,real,selectivity_prefers_punctuation,0.15
143000,wikitext,halfB,real,selectivity_prefers_digit,0.11
143000,wikitext,halfB,real,selectivity_prefers_function_word,0.25
143000,wikitext,halfB,real,selectivity_prefers_content_word,0.15
143000,wikitext,halfB,real,selectivity_prefers_continuation,0.22
143000,wikitext,halfB,real,selectivity_prefers_other,0.05
143000,wikitext,halfB,null,selectivity_coherence_median,0.27925597526459434
143000,wikitext,halfB,null,selectivity_frac_coherent,0.0
143000,wikitext,halfB,null,selectivity_prefers_whitespace,0.07
143000,wikitext,halfB,null,selectivity_prefers_punctuation,0.02
143000,wikitext,halfB,null,selectivity_prefers_digit,0.09
143000,wikitext,halfB,null,selectivity_prefers_function_word,0.49
143000,wikitext,halfB,null,selectivity_prefers_content_word,0.03
143000,wikitext,halfB,null,selectivity_prefers_continuation,0.25
143000,wikitext,halfB,null,selectivity_prefers_other,0.05
16000,agnews,halfA,real,selectivity_coherence_median,0.47364630390997925
16000,agnews,halfA,real,selectivity_frac_coherent,0.44
16000,agnews,halfA,real,selectivity_prefers_whitespace,0.02
16000,agnews,halfA,real,selectivity_prefers_punctuation,0.17
16000,agnews,halfA,real,selectivity_prefers_digit,0.08
16000,agnews,halfA,real,selectivity_prefers_function_word,0.2
16000,agnews,halfA,real,selectivity_prefers_content_word,0.19
16000,agnews,halfA,real,selectivity_prefers_continuation,0.26
16000,agnews,halfA,real,selectivity_prefers_other,0.08
16000,agnews,halfA,null,selectivity_coherence_median,0.27993008689508714
16000,agnews,halfA,null,selectivity_frac_coherent,0.01
16000,agnews,halfA,null,selectivity_prefers_whitespace,0.0
16000,agnews,halfA,null,selectivity_prefers_punctuation,0.01
16000,agnews,halfA,null,selectivity_prefers_digit,0.07
16000,agnews,halfA,null,selectivity_prefers_function_word,0.12
16000,agnews,halfA,null,selectivity_prefers_content_word,0.23
16000,agnews,halfA,null,selectivity_prefers_continuation,0.46
16000,agnews,halfA,null,selectivity_prefers_other,0.11
16000,agnews,halfB,real,selectivity_coherence_median,0.49373802204981376
16000,agnews,halfB,real,selectivity_frac_coherent,0.45
16000,agnews,halfB,real,selectivity_prefers_whitespace,0.03
16000,agnews,halfB,real,selectivity_prefers_punctuation,0.17
16000,agnews,halfB,real,selectivity_prefers_digit,0.09
16000,agnews,halfB,real,selectivity_prefers_function_word,0.18
16000,agnews,halfB,real,selectivity_prefers_content_word,0.18
16000,agnews,halfB,real,selectivity_prefers_continuation,0.26
16000,agnews,halfB,real,selectivity_prefers_other,0.09
16000,agnews,halfB,null,selectivity_coherence_median,0.28422607856473237
16000,agnews,halfB,null,selectivity_frac_coherent,0.02
16000,agnews,halfB,null,selectivity_prefers_whitespace,0.0
16000,agnews,halfB,null,selectivity_prefers_punctuation,0.01
16000,agnews,halfB,null,selectivity_prefers_digit,0.07
16000,agnews,halfB,null,selectivity_prefers_function_word,0.11
16000,agnews,halfB,null,selectivity_prefers_content_word,0.25
16000,agnews,halfB,null,selectivity_prefers_continuation,0.48
16000,agnews,halfB,null,selectivity_prefers_other,0.08
16000,bookcorpus,halfA,real,selectivity_coherence_median,0.43498178965886136
16000,bookcorpus,halfA,real,selectivity_frac_coherent,0.32
16000,bookcorpus,halfA,real,selectivity_prefers_whitespace,0.0
16000,bookcorpus,halfA,real,selectivity_prefers_punctuation,0.16
16000,bookcorpus,halfA,real,selectivity_prefers_digit,0.04
16000,bookcorpus,halfA,real,selectivity_prefers_function_word,0.27
16000,bookcorpus,halfA,real,selectivity_prefers_content_word,0.28
16000,bookcorpus,halfA,real,selectivity_prefers_continuation,0.19
16000,bookcorpus,halfA,real,selectivity_prefers_other,0.06
16000,bookcorpus,halfA,null,selectivity_coherence_median,0.2844160393089571
16000,bookcorpus,halfA,null,selectivity_frac_coherent,0.01
16000,bookcorpus,halfA,null,selectivity_prefers_whitespace,0.0
16000,bookcorpus,halfA,null,selectivity_prefers_punctuation,0.13
16000,bookcorpus,halfA,null,selectivity_prefers_digit,0.03
16000,bookcorpus,halfA,null,selectivity_prefers_function_word,0.1
16000,bookcorpus,halfA,null,selectivity_prefers_content_word,0.4
16000,bookcorpus,halfA,null,selectivity_prefers_continuation,0.31
16000,bookcorpus,halfA,null,selectivity_prefers_other,0.03
16000,bookcorpus,halfB,real,selectivity_coherence_median,0.43838048409217234
16000,bookcorpus,halfB,real,selectivity_frac_coherent,0.31
16000,bookcorpus,halfB,real,selectivity_prefers_whitespace,0.0
16000,bookcorpus,halfB,real,selectivity_prefers_punctuation,0.17
16000,bookcorpus,halfB,real,selectivity_prefers_digit,0.02
16000,bookcorpus,halfB,real,selectivity_prefers_function_word,0.27
16000,bookcorpus,halfB,real,selectivity_prefers_content_word,0.28
16000,bookcorpus,halfB,real,selectivity_prefers_continuation,0.2
16000,bookcorpus,halfB,real,selectivity_prefers_other,0.06
16000,bookcorpus,halfB,null,selectivity_coherence_median,0.28751655893093575
16000,bookcorpus,halfB,null,selectivity_frac_coherent,0.0
16000,bookcorpus,halfB,null,selectivity_prefers_whitespace,0.01
16000,bookcorpus,halfB,null,selectivity_prefers_punctuation,0.08
16000,bookcorpus,halfB,null,selectivity_prefers_digit,0.05
16000,bookcorpus,halfB,null,selectivity_prefers_function_word,0.09
16000,bookcorpus,halfB,null,selectivity_prefers_content_word,0.4
16000,bookcorpus,halfB,null,selectivity_prefers_continuation,0.33
16000,bookcorpus,halfB,null,selectivity_prefers_other,0.04
16000,tldr17,halfA,real,selectivity_coherence_median,0.5356696072175915
16000,tldr17,halfA,real,selectivity_frac_coherent,0.59
16000,tldr17,halfA,real,selectivity_prefers_whitespace,0.07
16000,tldr17,halfA,real,selectivity_prefers_punctuation,0.09
16000,tldr17,halfA,real,selectivity_prefers_digit,0.07
16000,tldr17,halfA,real,selectivity_prefers_function_word,0.15
16000,tldr17,halfA,real,selectivity_prefers_content_word,0.21
16000,tldr17,halfA,real,selectivity_prefers_continuation,0.25
16000,tldr17,halfA,real,selectivity_prefers_other,0.16
16000,tldr17,halfA,null,selectivity_coherence_median,0.278015389081388
16000,tldr17,halfA,null,selectivity_frac_coherent,0.0
16000,tldr17,halfA,null,selectivity_prefers_whitespace,0.0
16000,tldr17,halfA,null,selectivity_prefers_punctuation,0.0
16000,tldr17,halfA,null,selectivity_prefers_digit,0.17
16000,tldr17,halfA,null,selectivity_prefers_function_word,0.02
16000,tldr17,halfA,null,selectivity_prefers_content_word,0.41
16000,tldr17,halfA,null,selectivity_prefers_continuation,0.32
16000,tldr17,halfA,null,selectivity_prefers_other,0.08
16000,tldr17,halfB,real,selectivity_coherence_median,0.5458515265034205
16000,tldr17,halfB,real,selectivity_frac_coherent,0.6
16000,tldr17,halfB,real,selectivity_prefers_whitespace,0.06
16000,tldr17,halfB,real,selectivity_prefers_punctuation,0.09
16000,tldr17,halfB,real,selectivity_prefers_digit,0.06
16000,tldr17,halfB,real,selectivity_prefers_function_word,0.15
16000,tldr17,halfB,real,selectivity_prefers_content_word,0.21
16000,tldr17,halfB,real,selectivity_prefers_continuation,0.27
16000,tldr17,halfB,real,selectivity_prefers_other,0.16
16000,tldr17,halfB,null,selectivity_coherence_median,0.27892527989167715
16000,tldr17,halfB,null,selectivity_frac_coherent,0.0
16000,tldr17,halfB,null,selectivity_prefers_whitespace,0.0
16000,tldr17,halfB,null,selectivity_prefers_punctuation,0.0
16000,tldr17,halfB,null,selectivity_prefers_digit,0.25
16000,tldr17,halfB,null,selectivity_prefers_function_word,0.02
16000,tldr17,halfB,null,selectivity_prefers_content_word,0.28
16000,tldr17,halfB,null,selectivity_prefers_continuation,0.35
16000,tldr17,halfB,null,selectivity_prefers_other,0.1
16000,wikitext,halfA,real,selectivity_coherence_median,0.49022660766837733
16000,wikitext,halfA,real,selectivity_frac_coherent,0.45
16000,wikitext,halfA,real,selectivity_prefers_whitespace,0.04
16000,wikitext,halfA,real,selectivity_prefers_punctuation,0.15
16000,wikitext,halfA,real,selectivity_prefers_digit,0.12
16000,wikitext,halfA,real,selectivity_prefers_function_word,0.23
16000,wikitext,halfA,real,selectivity_prefers_content_word,0.17
16000,wikitext,halfA,real,selectivity_prefers_continuation,0.25
16000,wikitext,halfA,real,selectivity_prefers_other,0.04
16000,wikitext,halfA,null,selectivity_coherence_median,0.24435559547354285
16000,wikitext,halfA,null,selectivity_frac_coherent,0.0
16000,wikitext,halfA,null,selectivity_prefers_whitespace,0.0
16000,wikitext,halfA,null,selectivity_prefers_punctuation,0.0
16000,wikitext,halfA,null,selectivity_prefers_digit,0.08
16000,wikitext,halfA,null,selectivity_prefers_function_word,0.07
16000,wikitext,halfA,null,selectivity_prefers_content_word,0.43
16000,wikitext,halfA,null,selectivity_prefers_continuation,0.41
16000,wikitext,halfA,null,selectivity_prefers_other,0.01
16000,wikitext,halfB,real,selectivity_coherence_median,0.5057343537764247
16000,wikitext,halfB,real,selectivity_frac_coherent,0.52
16000,wikitext,halfB,real,selectivity_prefers_whitespace,0.04
16000,wikitext,halfB,real,selectivity_prefers_punctuation,0.16
16000,wikitext,halfB,real,selectivity_prefers_digit,0.13
16000,wikitext,halfB,real,selectivity_prefers_function_word,0.21
16000,wikitext,halfB,real,selectivity_prefers_content_word,0.19
16000,wikitext,halfB,real,selectivity_prefers_continuation,0.25
16000,wikitext,halfB,real,selectivity_prefers_other,0.02
16000,wikitext,halfB,null,selectivity_coherence_median,0.2859595575340633
16000,wikitext,halfB,null,selectivity_frac_coherent,0.02
16000,wikitext,halfB,null,selectivity_prefers_whitespace,0.0
16000,wikitext,halfB,null,selectivity_prefers_punctuation,0.0
16000,wikitext,halfB,null,selectivity_prefers_digit,0.13
16000,wikitext,halfB,null,selectivity_prefers_function_word,0.07
16000,wikitext,halfB,null,selectivity_prefers_content_word,0.42
16000,wikitext,halfB,null,selectivity_prefers_continuation,0.34
16000,wikitext,halfB,null,selectivity_prefers_other,0.04
16,agnews,halfA,real,selectivity_coherence_median,0.2797512033468549
16,agnews,halfA,real,selectivity_frac_coherent,0.06
16,agnews,halfA,real,selectivity_prefers_whitespace,0.01
16,agnews,halfA,real,selectivity_prefers_punctuation,0.34
16,agnews,halfA,real,selectivity_prefers_digit,0.05
16,agnews,halfA,real,selectivity_prefers_function_word,0.31
16,agnews,halfA,real,selectivity_prefers_content_word,0.08
16,agnews,halfA,real,selectivity_prefers_continuation,0.21
16,agnews,halfA,real,selectivity_prefers_other,0.0
16,agnews,halfA,null,selectivity_coherence_median,0.14824170623050412
16,agnews,halfA,null,selectivity_frac_coherent,0.0
16,agnews,halfA,null,selectivity_prefers_whitespace,0.0
16,agnews,halfA,null,selectivity_prefers_punctuation,0.03
16,agnews,halfA,null,selectivity_prefers_digit,0.08
16,agnews,halfA,null,selectivity_prefers_function_word,0.17
16,agnews,halfA,null,selectivity_prefers_content_word,0.27
16,agnews,halfA,null,selectivity_prefers_continuation,0.45
16,agnews,halfA,null,selectivity_prefers_other,0.0
16,agnews,halfB,real,selectivity_coherence_median,0.27766632432098837
16,agnews,halfB,real,selectivity_frac_coherent,0.06
16,agnews,halfB,real,selectivity_prefers_whitespace,0.02
16,agnews,halfB,real,selectivity_prefers_punctuation,0.32
16,agnews,halfB,real,selectivity_prefers_digit,0.03
16,agnews,halfB,real,selectivity_prefers_function_word,0.29
16,agnews,halfB,real,selectivity_prefers_content_word,0.08
16,agnews,halfB,real,selectivity_prefers_continuation,0.25
16,agnews,halfB,real,selectivity_prefers_other,0.01
16,agnews,halfB,null,selectivity_coherence_median,0.14543618832702776
16,agnews,halfB,null,selectivity_frac_coherent,0.0
16,agnews,halfB,null,selectivity_prefers_whitespace,0.0
16,agnews,halfB,null,selectivity_prefers_punctuation,0.03
16,agnews,halfB,null,selectivity_prefers_digit,0.06
16,agnews,halfB,null,selectivity_prefers_function_word,0.19
16,agnews,halfB,null,selectivity_prefers_content_word,0.22
16,agnews,halfB,null,selectivity_prefers_continuation,0.5
16,agnews,halfB,null,selectivity_prefers_other,0.0
16,bookcorpus,halfA,real,selectivity_coherence_median,0.29064135834874866
16,bookcorpus,halfA,real,selectivity_frac_coherent,0.07
16,bookcorpus,halfA,real,selectivity_prefers_whitespace,0.0
16,bookcorpus,halfA,real,selectivity_prefers_punctuation,0.35
16,bookcorpus,halfA,real,selectivity_prefers_digit,0.25
16,bookcorpus,halfA,real,selectivity_prefers_function_word,0.29
16,bookcorpus,halfA,real,selectivity_prefers_content_word,0.0
16,bookcorpus,halfA,real,selectivity_prefers_continuation,0.11
16,bookcorpus,halfA,real,selectivity_prefers_other,0.0
16,bookcorpus,halfA,null,selectivity_coherence_median,0.15702980743676315
16,bookcorpus,halfA,null,selectivity_frac_coherent,0.0
16,bookcorpus,halfA,null,selectivity_prefers_whitespace,0.0
16,bookcorpus,halfA,null,selectivity_prefers_punctuation,0.0
16,bookcorpus,halfA,null,selectivity_prefers_digit,0.43
16,bookcorpus,halfA,null,selectivity_prefers_function_word,0.1
16,bookcorpus,halfA,null,selectivity_prefers_content_word,0.11
16,bookcorpus,halfA,null,selectivity_prefers_continuation,0.36
16,bookcorpus,halfA,null,selectivity_prefers_other,0.0
16,bookcorpus,halfB,real,selectivity_coherence_median,0.293388744537575
16,bookcorpus,halfB,real,selectivity_frac_coherent,0.06
16,bookcorpus,halfB,real,selectivity_prefers_whitespace,0.0
16,bookcorpus,halfB,real,selectivity_prefers_punctuation,0.33
16,bookcorpus,halfB,real,selectivity_prefers_digit,0.21
16,bookcorpus,halfB,real,selectivity_prefers_function_word,0.29
16,bookcorpus,halfB,real,selectivity_prefers_content_word,0.02
16,bookcorpus,halfB,real,selectivity_prefers_continuation,0.15
16,bookcorpus,halfB,real,selectivity_prefers_other,0.0
16,bookcorpus,halfB,null,selectivity_coherence_median,0.15675525768697046
16,bookcorpus,halfB,null,selectivity_frac_coherent,0.0
16,bookcorpus,halfB,null,selectivity_prefers_whitespace,0.0
16,bookcorpus,halfB,null,selectivity_prefers_punctuation,0.03
16,bookcorpus,halfB,null,selectivity_prefers_digit,0.27
16,bookcorpus,halfB,null,selectivity_prefers_function_word,0.11
16,bookcorpus,halfB,null,selectivity_prefers_content_word,0.14
16,bookcorpus,halfB,null,selectivity_prefers_continuation,0.44
16,bookcorpus,halfB,null,selectivity_prefers_other,0.01
16,tldr17,halfA,real,selectivity_coherence_median,0.35637531766944297
16,tldr17,halfA,real,selectivity_frac_coherent,0.14
16,tldr17,halfA,real,selectivity_prefers_whitespace,0.1
16,tldr17,halfA,real,selectivity_prefers_punctuation,0.34
16,tldr17,halfA,real,selectivity_prefers_digit,0.07
16,tldr17,halfA,real,selectivity_prefers_function_word,0.26
16,tldr17,halfA,real,selectivity_prefers_content_word,0.07
16,tldr17,halfA,real,selectivity_prefers_continuation,0.13
16,tldr17,halfA,real,selectivity_prefers_other,0.03
16,tldr17,halfA,null,selectivity_coherence_median,0.09410222339565232
16,tldr17,halfA,null,selectivity_frac_coherent,0.0
16,tldr17,halfA,null,selectivity_prefers_whitespace,0.04
16,tldr17,halfA,null,selectivity_prefers_punctuation,0.01
16,tldr17,halfA,null,selectivity_prefers_digit,0.26
16,tldr17,halfA,null,selectivity_prefers_function_word,0.11
16,tldr17,halfA,null,selectivity_prefers_content_word,0.18
16,tldr17,halfA,null,selectivity_prefers_continuation,0.39
16,tldr17,halfA,null,selectivity_prefers_other,0.01
16,tldr17,halfB,real,selectivity_coherence_median,0.3707551816776258
16,tldr17,halfB,real,selectivity_frac_coherent,0.14
16,tldr17,halfB,real,selectivity_prefers_whitespace,0.05
16,tldr17,halfB,real,selectivity_prefers_punctuation,0.32
16,tldr17,halfB,real,selectivity_prefers_digit,0.07
16,tldr17,halfB,real,selectivity_prefers_function_word,0.3
16,tldr17,halfB,real,selectivity_prefers_content_word,0.1
16,tldr17,halfB,real,selectivity_prefers_continuation,0.12
16,tldr17,halfB,real,selectivity_prefers_other,0.04
16,tldr17,halfB,null,selectivity_coherence_median,0.09999270250170507
16,tldr17,halfB,null,selectivity_frac_coherent,0.0
16,tldr17,halfB,null,selectivity_prefers_whitespace,0.0
16,tldr17,halfB,null,selectivity_prefers_punctuation,0.0
16,tldr17,halfB,null,selectivity_prefers_digit,0.31
16,tldr17,halfB,null,selectivity_prefers_function_word,0.12
16,tldr17,halfB,null,selectivity_prefers_content_word,0.13
16,tldr17,halfB,null,selectivity_prefers_continuation,0.41
16,tldr17,halfB,null,selectivity_prefers_other,0.03
16,wikitext,halfA,real,selectivity_coherence_median,0.2999115716531199
16,wikitext,halfA,real,selectivity_frac_coherent,0.07
16,wikitext,halfA,real,selectivity_prefers_whitespace,0.02
16,wikitext,halfA,real,selectivity_prefers_punctuation,0.34
16,wikitext,halfA,real,selectivity_prefers_digit,0.19
16,wikitext,halfA,real,selectivity_prefers_function_word,0.3
16,wikitext,halfA,real,selectivity_prefers_content_word,0.01
16,wikitext,halfA,real,selectivity_prefers_continuation,0.11
16,wikitext,halfA,real,selectivity_prefers_other,0.03
16,wikitext,halfA,null,selectivity_coherence_median,0.13459337380057249
16,wikitext,halfA,null,selectivity_frac_coherent,0.0
16,wikitext,halfA,null,selectivity_prefers_whitespace,0.0
16,wikitext,halfA,null,selectivity_prefers_punctuation,0.09
16,wikitext,halfA,null,selectivity_prefers_digit,0.28
16,wikitext,halfA,null,selectivity_prefers_function_word,0.17
16,wikitext,halfA,null,selectivity_prefers_content_word,0.11
16,wikitext,halfA,null,selectivity_prefers_continuation,0.33
16,wikitext,halfA,null,selectivity_prefers_other,0.02
16,wikitext,halfB,real,selectivity_coherence_median,0.3081590737098257
16,wikitext,halfB,real,selectivity_frac_coherent,0.07
16,wikitext,halfB,real,selectivity_prefers_whitespace,0.02
16,wikitext,halfB,real,selectivity_prefers_punctuation,0.33
16,wikitext,halfB,real,selectivity_prefers_digit,0.18
16,wikitext,halfB,real,selectivity_prefers_function_word,0.29
16,wikitext,halfB,real,selectivity_prefers_content_word,0.03
16,wikitext,halfB,real,selectivity_prefers_continuation,0.13
16,wikitext,halfB,real,selectivity_prefers_other,0.02
16,wikitext,halfB,null,selectivity_coherence_median,0.13736644164956624
16,wikitext,halfB,null,selectivity_frac_coherent,0.0
16,wikitext,halfB,null,selectivity_prefers_whitespace,0.0
16,wikitext,halfB,null,selectivity_prefers_punctuation,0.04
16,wikitext,halfB,null,selectivity_prefers_digit,0.25
16,wikitext,halfB,null,selectivity_prefers_function_word,0.14
16,wikitext,halfB,null,selectivity_prefers_content_word,0.18
16,wikitext,halfB,null,selectivity_prefers_continuation,0.36
16,wikitext,halfB,null,selectivity_prefers_other,0.03
1,agnews,halfA,real,selectivity_coherence_median,0.32704449677502423
1,agnews,halfA,real,selectivity_frac_coherent,0.08
1,agnews,halfA,real,selectivity_prefers_whitespace,0.01
1,agnews,halfA,real,selectivity_prefers_punctuation,0.35
1,agnews,halfA,real,selectivity_prefers_digit,0.05
1,agnews,halfA,real,selectivity_prefers_function_word,0.31
1,agnews,halfA,real,selectivity_prefers_content_word,0.14
1,agnews,halfA,real,selectivity_prefers_continuation,0.14
1,agnews,halfA,real,selectivity_prefers_other,0.0
1,agnews,halfA,null,selectivity_coherence_median,0.16740512262919618
1,agnews,halfA,null,selectivity_frac_coherent,0.0
1,agnews,halfA,null,selectivity_prefers_whitespace,0.0
1,agnews,halfA,null,selectivity_prefers_punctuation,0.04
1,agnews,halfA,null,selectivity_prefers_digit,0.02
1,agnews,halfA,null,selectivity_prefers_function_word,0.16
1,agnews,halfA,null,selectivity_prefers_content_word,0.34
1,agnews,halfA,null,selectivity_prefers_continuation,0.44
1,agnews,halfA,null,selectivity_prefers_other,0.0
1,agnews,halfB,real,selectivity_coherence_median,0.32059530596543107
1,agnews,halfB,real,selectivity_frac_coherent,0.07
1,agnews,halfB,real,selectivity_prefers_whitespace,0.03
1,agnews,halfB,real,selectivity_prefers_punctuation,0.35
1,agnews,halfB,real,selectivity_prefers_digit,0.05
1,agnews,halfB,real,selectivity_prefers_function_word,0.28
1,agnews,halfB,real,selectivity_prefers_content_word,0.13
1,agnews,halfB,real,selectivity_prefers_continuation,0.16
1,agnews,halfB,real,selectivity_prefers_other,0.0
1,agnews,halfB,null,selectivity_coherence_median,0.16109419752796472
1,agnews,halfB,null,selectivity_frac_coherent,0.0
1,agnews,halfB,null,selectivity_prefers_whitespace,0.01
1,agnews,halfB,null,selectivity_prefers_punctuation,0.05
1,agnews,halfB,null,selectivity_prefers_digit,0.08
1,agnews,halfB,null,selectivity_prefers_function_word,0.26
1,agnews,halfB,null,selectivity_prefers_content_word,0.27
1,agnews,halfB,null,selectivity_prefers_continuation,0.33
1,agnews,halfB,null,selectivity_prefers_other,0.0
1,bookcorpus,halfA,real,selectivity_coherence_median,0.3559001758277311
1,bookcorpus,halfA,real,selectivity_frac_coherent,0.1
1,bookcorpus,halfA,real,selectivity_prefers_whitespace,0.01
1,bookcorpus,halfA,real,selectivity_prefers_punctuation,0.37
1,bookcorpus,halfA,real,selectivity_prefers_digit,0.18
1,bookcorpus,halfA,real,selectivity_prefers_function_word,0.27
1,bookcorpus,halfA,real,selectivity_prefers_content_word,0.04
1,bookcorpus,halfA,real,selectivity_prefers_continuation,0.13
1,bookcorpus,halfA,real,selectivity_prefers_other,0.0
1,bookcorpus,halfA,null,selectivity_coherence_median,0.17507064300754746
1,bookcorpus,halfA,null,selectivity_frac_coherent,0.0
1,bookcorpus,halfA,null,selectivity_prefers_whitespace,0.0
1,bookcorpus,halfA,null,selectivity_prefers_punctuation,0.01
1,bookcorpus,halfA,null,selectivity_prefers_digit,0.36
1,bookcorpus,halfA,null,selectivity_prefers_function_word,0.18
1,bookcorpus,halfA,null,selectivity_prefers_content_word,0.12
1,bookcorpus,halfA,null,selectivity_prefers_continuation,0.33
1,bookcorpus,halfA,null,selectivity_prefers_other,0.0
1,bookcorpus,halfB,real,selectivity_coherence_median,0.34930692334991065
1,bookcorpus,halfB,real,selectivity_frac_coherent,0.11
1,bookcorpus,halfB,real,selectivity_prefers_whitespace,0.0
1,bookcorpus,halfB,real,selectivity_prefers_punctuation,0.37
1,bookcorpus,halfB,real,selectivity_prefers_digit,0.14
1,bookcorpus,halfB,real,selectivity_prefers_function_word,0.27
1,bookcorpus,halfB,real,selectivity_prefers_content_word,0.09
1,bookcorpus,halfB,real,selectivity_prefers_continuation,0.12
1,bookcorpus,halfB,real,selectivity_prefers_other,0.01
1,bookcorpus,halfB,null,selectivity_coherence_median,0.17716809038961076
1,bookcorpus,halfB,null,selectivity_frac_coherent,0.0
1,bookcorpus,halfB,null,selectivity_prefers_whitespace,0.0
1,bookcorpus,halfB,null,selectivity_prefers_punctuation,0.0
1,bookcorpus,halfB,null,selectivity_prefers_digit,0.33
1,bookcorpus,halfB,null,selectivity_prefers_function_word,0.19
1,bookcorpus,halfB,null,selectivity_prefers_content_word,0.18
1,bookcorpus,halfB,null,selectivity_prefers_continuation,0.3
1,bookcorpus,halfB,null,selectivity_prefers_other,0.0
1,tldr17,halfA,real,selectivity_coherence_median,0.4164291661797619
1,tldr17,halfA,real,selectivity_frac_coherent,0.25
1,tldr17,halfA,real,selectivity_prefers_whitespace,0.09
1,tldr17,halfA,real,selectivity_prefers_punctuation,0.34
1,tldr17,halfA,real,selectivity_prefers_digit,0.07
1,tldr17,halfA,real,selectivity_prefers_function_word,0.27
1,tldr17,halfA,real,selectivity_prefers_content_word,0.09
1,tldr17,halfA,real,selectivity_prefers_continuation,0.12
1,tldr17,halfA,real,selectivity_prefers_other,0.02
1,tldr17,halfA,null,selectivity_coherence_median,0.10896729173853674
1,tldr17,halfA,null,selectivity_frac_coherent,0.0
1,tldr17,halfA,null,selectivity_prefers_whitespace,0.01
1,tldr17,halfA,null,selectivity_prefers_punctuation,0.0
1,tldr17,halfA,null,selectivity_prefers_digit,0.18
1,tldr17,halfA,null,selectivity_prefers_function_word,0.24
1,tldr17,halfA,null,selectivity_prefers_content_word,0.2
1,tldr17,halfA,null,selectivity_prefers_continuation,0.36
1,tldr17,halfA,null,selectivity_prefers_other,0.01
1,tldr17,halfB,real,selectivity_coherence_median,0.4040274522114531
1,tldr17,halfB,real,selectivity_frac_coherent,0.25
1,tldr17,halfB,real,selectivity_prefers_whitespace,0.06
1,tldr17,halfB,real,selectivity_prefers_punctuation,0.35
1,tldr17,halfB,real,selectivity_prefers_digit,0.06
1,tldr17,halfB,real,selectivity_prefers_function_word,0.27
1,tldr17,halfB,real,selectivity_prefers_content_word,0.07
1,tldr17,halfB,real,selectivity_prefers_continuation,0.16
1,tldr17,halfB,real,selectivity_prefers_other,0.03
1,tldr17,halfB,null,selectivity_coherence_median,0.117930035483508
1,tldr17,halfB,null,selectivity_frac_coherent,0.0
1,tldr17,halfB,null,selectivity_prefers_whitespace,0.01
1,tldr17,halfB,null,selectivity_prefers_punctuation,0.01
1,tldr17,halfB,null,selectivity_prefers_digit,0.21
1,tldr17,halfB,null,selectivity_prefers_function_word,0.25
1,tldr17,halfB,null,selectivity_prefers_content_word,0.21
1,tldr17,halfB,null,selectivity_prefers_continuation,0.28
1,tldr17,halfB,null,selectivity_prefers_other,0.03
1,wikitext,halfA,real,selectivity_coherence_median,0.3411676838038634
1,wikitext,halfA,real,selectivity_frac_coherent,0.09
1,wikitext,halfA,real,selectivity_prefers_whitespace,0.03
1,wikitext,halfA,real,selectivity_prefers_punctuation,0.33
1,wikitext,halfA,real,selectivity_prefers_digit,0.21
1,wikitext,halfA,real,selectivity_prefers_function_word,0.26
1,wikitext,halfA,real,selectivity_prefers_content_word,0.05
1,wikitext,halfA,real,selectivity_prefers_continuation,0.1
1,wikitext,halfA,real,selectivity_prefers_other,0.02
1,wikitext,halfA,null,selectivity_coherence_median,0.15923485218659034
1,wikitext,halfA,null,selectivity_frac_coherent,0.0
1,wikitext,halfA,null,selectivity_prefers_whitespace,0.0
1,wikitext,halfA,null,selectivity_prefers_punctuation,0.08
1,wikitext,halfA,null,selectivity_prefers_digit,0.27
1,wikitext,halfA,null,selectivity_prefers_function_word,0.18
1,wikitext,halfA,null,selectivity_prefers_content_word,0.13
1,wikitext,halfA,null,selectivity_prefers_continuation,0.34
1,wikitext,halfA,null,selectivity_prefers_other,0.0
1,wikitext,halfB,real,selectivity_coherence_median,0.35066505733570263
1,wikitext,halfB,real,selectivity_frac_coherent,0.09
1,wikitext,halfB,real,selectivity_prefers_whitespace,0.03
1,wikitext,halfB,real,selectivity_prefers_punctuation,0.34
1,wikitext,halfB,real,selectivity_prefers_digit,0.17
1,wikitext,halfB,real,selectivity_prefers_function_word,0.28
1,wikitext,halfB,real,selectivity_prefers_content_word,0.02
1,wikitext,halfB,real,selectivity_prefers_continuation,0.14
1,wikitext,halfB,real,selectivity_prefers_other,0.02
1,wikitext,halfB,null,selectivity_coherence_median,0.1524487851691722
1,wikitext,halfB,null,selectivity_frac_coherent,0.0
1,wikitext,halfB,null,selectivity_prefers_whitespace,0.0
1,wikitext,halfB,null,selectivity_prefers_punctuation,0.02
1,wikitext,halfB,null,selectivity_prefers_digit,0.28
1,wikitext,halfB,null,selectivity_prefers_function_word,0.17
1,wikitext,halfB,null,selectivity_prefers_content_word,0.23
1,wikitext,halfB,null,selectivity_prefers_continuation,0.27
1,wikitext,halfB,null,selectivity_prefers_other,0.03
256,agnews,halfA,real,selectivity_coherence_median,0.40697865172018566
256,agnews,halfA,real,selectivity_frac_coherent,0.3
256,agnews,halfA,real,selectivity_prefers_whitespace,0.09
256,agnews,halfA,real,selectivity_prefers_punctuation,0.21
256,agnews,halfA,real,selectivity_prefers_digit,0.11
256,agnews,halfA,real,selectivity_prefers_function_word,0.23
256,agnews,halfA,real,selectivity_prefers_content_word,0.16
256,agnews,halfA,real,selectivity_prefers_continuation,0.15
256,agnews,halfA,real,selectivity_prefers_other,0.05
256,agnews,halfA,null,selectivity_coherence_median,0.12322459510159388
256,agnews,halfA,null,selectivity_frac_coherent,0.0
256,agnews,halfA,null,selectivity_prefers_whitespace,0.01
256,agnews,halfA,null,selectivity_prefers_punctuation,0.13
256,agnews,halfA,null,selectivity_prefers_digit,0.13
256,agnews,halfA,null,selectivity_prefers_function_word,0.28
256,agnews,halfA,null,selectivity_prefers_content_word,0.38
256,agnews,halfA,null,selectivity_prefers_continuation,0.06
256,agnews,halfA,null,selectivity_prefers_other,0.01
256,agnews,halfB,real,selectivity_coherence_median,0.37034503635010363
256,agnews,halfB,real,selectivity_frac_coherent,0.32
256,agnews,halfB,real,selectivity_prefers_whitespace,0.09
256,agnews,halfB,real,selectivity_prefers_punctuation,0.2
256,agnews,halfB,real,selectivity_prefers_digit,0.1
256,agnews,halfB,real,selectivity_prefers_function_word,0.22
256,agnews,halfB,real,selectivity_prefers_content_word,0.19
256,agnews,halfB,real,selectivity_prefers_continuation,0.14
256,agnews,halfB,real,selectivity_prefers_other,0.06
256,agnews,halfB,null,selectivity_coherence_median,0.11532489616304464
256,agnews,halfB,null,selectivity_frac_coherent,0.0
256,agnews,halfB,null,selectivity_prefers_whitespace,0.01
256,agnews,halfB,null,selectivity_prefers_punctuation,0.08
256,agnews,halfB,null,selectivity_prefers_digit,0.08
256,agnews,halfB,null,selectivity_prefers_function_word,0.35
256,agnews,halfB,null,selectivity_prefers_content_word,0.41
256,agnews,halfB,null,selectivity_prefers_continuation,0.07
256,agnews,halfB,null,selectivity_prefers_other,0.0
256,bookcorpus,halfA,real,selectivity_coherence_median,0.3445419897757334
256,bookcorpus,halfA,real,selectivity_frac_coherent,0.2
256,bookcorpus,halfA,real,selectivity_prefers_whitespace,0.05
256,bookcorpus,halfA,real,selectivity_prefers_punctuation,0.22
256,bookcorpus,halfA,real,selectivity_prefers_digit,0.08
256,bookcorpus,halfA,real,selectivity_prefers_function_word,0.24
256,bookcorpus,halfA,real,selectivity_prefers_content_word,0.18
256,bookcorpus,halfA,real,selectivity_prefers_continuation,0.12
256,bookcorpus,halfA,real,selectivity_prefers_other,0.11
256,bookcorpus,halfA,null,selectivity_coherence_median,0.11867312325862425
256,bookcorpus,halfA,null,selectivity_frac_coherent,0.0
256,bookcorpus,halfA,null,selectivity_prefers_whitespace,0.0
256,bookcorpus,halfA,null,selectivity_prefers_punctuation,0.09
256,bookcorpus,halfA,null,selectivity_prefers_digit,0.11
256,bookcorpus,halfA,null,selectivity_prefers_function_word,0.41
256,bookcorpus,halfA,null,selectivity_prefers_content_word,0.35
256,bookcorpus,halfA,null,selectivity_prefers_continuation,0.04
256,bookcorpus,halfA,null,selectivity_prefers_other,0.0
256,bookcorpus,halfB,real,selectivity_coherence_median,0.3554387311616234
256,bookcorpus,halfB,real,selectivity_frac_coherent,0.2
256,bookcorpus,halfB,real,selectivity_prefers_whitespace,0.05
256,bookcorpus,halfB,real,selectivity_prefers_punctuation,0.25
256,bookcorpus,halfB,real,selectivity_prefers_digit,0.1
256,bookcorpus,halfB,real,selectivity_prefers_function_word,0.24
256,bookcorpus,halfB,real,selectivity_prefers_content_word,0.16
256,bookcorpus,halfB,real,selectivity_prefers_continuation,0.11
256,bookcorpus,halfB,real,selectivity_prefers_other,0.09
256,bookcorpus,halfB,null,selectivity_coherence_median,0.11910742342465967
256,bookcorpus,halfB,null,selectivity_frac_coherent,0.0
256,bookcorpus,halfB,null,selectivity_prefers_whitespace,0.0
256,bookcorpus,halfB,null,selectivity_prefers_punctuation,0.07
256,bookcorpus,halfB,null,selectivity_prefers_digit,0.14
256,bookcorpus,halfB,null,selectivity_prefers_function_word,0.43
256,bookcorpus,halfB,null,selectivity_prefers_content_word,0.3
256,bookcorpus,halfB,null,selectivity_prefers_continuation,0.06
256,bookcorpus,halfB,null,selectivity_prefers_other,0.0
256,tldr17,halfA,real,selectivity_coherence_median,0.40392017577495987
256,tldr17,halfA,real,selectivity_frac_coherent,0.35
256,tldr17,halfA,real,selectivity_prefers_whitespace,0.1
256,tldr17,halfA,real,selectivity_prefers_punctuation,0.2
256,tldr17,halfA,real,selectivity_prefers_digit,0.06
256,tldr17,halfA,real,selectivity_prefers_function_word,0.22
256,tldr17,halfA,real,selectivity_prefers_content_word,0.16
256,tldr17,halfA,real,selectivity_prefers_continuation,0.11
256,tldr17,halfA,real,selectivity_prefers_other,0.15
256,tldr17,halfA,null,selectivity_coherence_median,0.09881070319085908
256,tldr17,halfA,null,selectivity_frac_coherent,0.0
256,tldr17,halfA,null,selectivity_prefers_whitespace,0.07
256,tldr17,halfA,null,selectivity_prefers_punctuation,0.03
256,tldr17,halfA,null,selectivity_prefers_digit,0.13
256,tldr17,halfA,null,selectivity_prefers_function_word,0.29
256,tldr17,halfA,null,selectivity_prefers_content_word,0.22
256,tldr17,halfA,null,selectivity_prefers_continuation,0.16
256,tldr17,halfA,null,selectivity_prefers_other,0.1
256,tldr17,halfB,real,selectivity_coherence_median,0.3928395569638355
256,tldr17,halfB,real,selectivity_frac_coherent,0.34
256,tldr17,halfB,real,selectivity_prefers_whitespace,0.09
256,tldr17,halfB,real,selectivity_prefers_punctuation,0.17
256,tldr17,halfB,real,selectivity_prefers_digit,0.07
256,tldr17,halfB,real,selectivity_prefers_function_word,0.23
256,tldr17,halfB,real,selectivity_prefers_content_word,0.17
256,tldr17,halfB,real,selectivity_prefers_continuation,0.12
256,tldr17,halfB,real,selectivity_prefers_other,0.15
256,tldr17,halfB,null,selectivity_coherence_median,0.09487575384178647
256,tldr17,halfB,null,selectivity_frac_coherent,0.01
256,tldr17,halfB,null,selectivity_prefers_whitespace,0.05
256,tldr17,halfB,null,selectivity_prefers_punctuation,0.04
256,tldr17,halfB,null,selectivity_prefers_digit,0.34
256,tldr17,halfB,null,selectivity_prefers_function_word,0.13
256,tldr17,halfB,null,selectivity_prefers_content_word,0.16
256,tldr17,halfB,null,selectivity_prefers_continuation,0.21
256,tldr17,halfB,null,selectivity_prefers_other,0.07
256,wikitext,halfA,real,selectivity_coherence_median,0.37072449957353265
256,wikitext,halfA,real,selectivity_frac_coherent,0.34
256,wikitext,halfA,real,selectivity_prefers_whitespace,0.03
256,wikitext,halfA,real,selectivity_prefers_punctuation,0.29
256,wikitext,halfA,real,selectivity_prefers_digit,0.11
256,wikitext,halfA,real,selectivity_prefers_function_word,0.25
256,wikitext,halfA,real,selectivity_prefers_content_word,0.14
256,wikitext,halfA,real,selectivity_prefers_continuation,0.13
256,wikitext,halfA,real,selectivity_prefers_other,0.05
256,wikitext,halfA,null,selectivity_coherence_median,0.13213270270794028
256,wikitext,halfA,null,selectivity_frac_coherent,0.0
256,wikitext,halfA,null,selectivity_prefers_whitespace,0.0
256,wikitext,halfA,null,selectivity_prefers_punctuation,0.16
256,wikitext,halfA,null,selectivity_prefers_digit,0.12
256,wikitext,halfA,null,selectivity_prefers_function_word,0.27
256,wikitext,halfA,null,selectivity_prefers_content_word,0.34
256,wikitext,halfA,null,selectivity_prefers_continuation,0.09
256,wikitext,halfA,null,selectivity_prefers_other,0.02
256,wikitext,halfB,real,selectivity_coherence_median,0.38402140590771755
256,wikitext,halfB,real,selectivity_frac_coherent,0.35
256,wikitext,halfB,real,selectivity_prefers_whitespace,0.03
256,wikitext,halfB,real,selectivity_prefers_punctuation,0.28
256,wikitext,halfB,real,selectivity_prefers_digit,0.13
256,wikitext,halfB,real,selectivity_prefers_function_word,0.24
256,wikitext,halfB,real,selectivity_prefers_content_word,0.2
256,wikitext,halfB,real,selectivity_prefers_continuation,0.08
256,wikitext,halfB,real,selectivity_prefers_other,0.04
256,wikitext,halfB,null,selectivity_coherence_median,0.14226771584589828
256,wikitext,halfB,null,selectivity_frac_coherent,0.0
256,wikitext,halfB,null,selectivity_prefers_whitespace,0.01
256,wikitext,halfB,null,selectivity_prefers_punctuation,0.15
256,wikitext,halfB,null,selectivity_prefers_digit,0.12
256,wikitext,halfB,null,selectivity_prefers_function_word,0.26
256,wikitext,halfB,null,selectivity_prefers_content_word,0.38
256,wikitext,halfB,null,selectivity_prefers_continuation,0.04
256,wikitext,halfB,null,selectivity_prefers_other,0.04
4000,agnews,halfA,real,selectivity_coherence_median,0.46331566495782706
4000,agnews,halfA,real,selectivity_frac_coherent,0.4
4000,agnews,halfA,real,selectivity_prefers_whitespace,0.03
4000,agnews,halfA,real,selectivity_prefers_punctuation,0.18
4000,agnews,halfA,real,selectivity_prefers_digit,0.09
4000,agnews,halfA,real,selectivity_prefers_function_word,0.19
4000,agnews,halfA,real,selectivity_prefers_content_word,0.31
4000,agnews,halfA,real,selectivity_prefers_continuation,0.14
4000,agnews,halfA,real,selectivity_prefers_other,0.06
4000,agnews,halfA,null,selectivity_coherence_median,0.2486152368893148
4000,agnews,halfA,null,selectivity_frac_coherent,0.0
4000,agnews,halfA,null,selectivity_prefers_whitespace,0.0
4000,agnews,halfA,null,selectivity_prefers_punctuation,0.0
4000,agnews,halfA,null,selectivity_prefers_digit,0.02
4000,agnews,halfA,null,selectivity_prefers_function_word,0.16
4000,agnews,halfA,null,selectivity_prefers_content_word,0.67
4000,agnews,halfA,null,selectivity_prefers_continuation,0.08
4000,agnews,halfA,null,selectivity_prefers_other,0.07
4000,agnews,halfB,real,selectivity_coherence_median,0.4589850657210404
4000,agnews,halfB,real,selectivity_frac_coherent,0.37
4000,agnews,halfB,real,selectivity_prefers_whitespace,0.04
4000,agnews,halfB,real,selectivity_prefers_punctuation,0.16
4000,agnews,halfB,real,selectivity_prefers_digit,0.09
4000,agnews,halfB,real,selectivity_prefers_function_word,0.18
4000,agnews,halfB,real,selectivity_prefers_content_word,0.34
4000,agnews,halfB,real,selectivity_prefers_continuation,0.13
4000,agnews,halfB,real,selectivity_prefers_other,0.06
4000,agnews,halfB,null,selectivity_coherence_median,0.25070468746473995
4000,agnews,halfB,null,selectivity_frac_coherent,0.0
4000,agnews,halfB,null,selectivity_prefers_whitespace,0.0
4000,agnews,halfB,null,selectivity_prefers_punctuation,0.0
4000,agnews,halfB,null,selectivity_prefers_digit,0.02
4000,agnews,halfB,null,selectivity_prefers_function_word,0.15
4000,agnews,halfB,null,selectivity_prefers_content_word,0.67
4000,agnews,halfB,null,selectivity_prefers_continuation,0.11
4000,agnews,halfB,null,selectivity_prefers_other,0.05
4000,bookcorpus,halfA,real,selectivity_coherence_median,0.4331927823288857
4000,bookcorpus,halfA,real,selectivity_frac_coherent,0.31
4000,bookcorpus,halfA,real,selectivity_prefers_whitespace,0.0
4000,bookcorpus,halfA,real,selectivity_prefers_punctuation,0.17
4000,bookcorpus,halfA,real,selectivity_prefers_digit,0.02
4000,bookcorpus,halfA,real,selectivity_prefers_function_word,0.31
4000,bookcorpus,halfA,real,selectivity_prefers_content_word,0.4
4000,bookcorpus,halfA,real,selectivity_prefers_continuation,0.06
4000,bookcorpus,halfA,real,selectivity_prefers_other,0.04
4000,bookcorpus,halfA,null,selectivity_coherence_median,0.2796918734344197
4000,bookcorpus,halfA,null,selectivity_frac_coherent,0.0
4000,bookcorpus,halfA,null,selectivity_prefers_whitespace,0.0
4000,bookcorpus,halfA,null,selectivity_prefers_punctuation,0.13
4000,bookcorpus,halfA,null,selectivity_prefers_digit,0.02
4000,bookcorpus,halfA,null,selectivity_prefers_function_word,0.23
4000,bookcorpus,halfA,null,selectivity_prefers_content_word,0.61
4000,bookcorpus,halfA,null,selectivity_prefers_continuation,0.01
4000,bookcorpus,halfA,null,selectivity_prefers_other,0.0
4000,bookcorpus,halfB,real,selectivity_coherence_median,0.43245774905443135
4000,bookcorpus,halfB,real,selectivity_frac_coherent,0.31
4000,bookcorpus,halfB,real,selectivity_prefers_whitespace,0.0
4000,bookcorpus,halfB,real,selectivity_prefers_punctuation,0.14
4000,bookcorpus,halfB,real,selectivity_prefers_digit,0.03
4000,bookcorpus,halfB,real,selectivity_prefers_function_word,0.33
4000,bookcorpus,halfB,real,selectivity_prefers_content_word,0.39
4000,bookcorpus,halfB,real,selectivity_prefers_continuation,0.07
4000,bookcorpus,halfB,real,selectivity_prefers_other,0.04
4000,bookcorpus,halfB,null,selectivity_coherence_median,0.2789190428382987
4000,bookcorpus,halfB,null,selectivity_frac_coherent,0.0
4000,bookcorpus,halfB,null,selectivity_prefers_whitespace,0.0
4000,bookcorpus,halfB,null,selectivity_prefers_punctuation,0.11
4000,bookcorpus,halfB,null,selectivity_prefers_digit,0.02
4000,bookcorpus,halfB,null,selectivity_prefers_function_word,0.18
4000,bookcorpus,halfB,null,selectivity_prefers_content_word,0.69
4000,bookcorpus,halfB,null,selectivity_prefers_continuation,0.0
4000,bookcorpus,halfB,null,selectivity_prefers_other,0.0
4000,tldr17,halfA,real,selectivity_coherence_median,0.5176201020953617
4000,tldr17,halfA,real,selectivity_frac_coherent,0.55
4000,tldr17,halfA,real,selectivity_prefers_whitespace,0.06
4000,tldr17,halfA,real,selectivity_prefers_punctuation,0.09
4000,tldr17,halfA,real,selectivity_prefers_digit,0.04
4000,tldr17,halfA,real,selectivity_prefers_function_word,0.18
4000,tldr17,halfA,real,selectivity_prefers_content_word,0.32
4000,tldr17,halfA,real,selectivity_prefers_continuation,0.14
4000,tldr17,halfA,real,selectivity_prefers_other,0.17
4000,tldr17,halfA,null,selectivity_coherence_median,0.243349112001066
4000,tldr17,halfA,null,selectivity_frac_coherent,0.0
4000,tldr17,halfA,null,selectivity_prefers_whitespace,0.0
4000,tldr17,halfA,null,selectivity_prefers_punctuation,0.0
4000,tldr17,halfA,null,selectivity_prefers_digit,0.08
4000,tldr17,halfA,null,selectivity_prefers_function_word,0.12
4000,tldr17,halfA,null,selectivity_prefers_content_word,0.67
4000,tldr17,halfA,null,selectivity_prefers_continuation,0.07
4000,tldr17,halfA,null,selectivity_prefers_other,0.06
4000,tldr17,halfB,real,selectivity_coherence_median,0.5127161821992616
4000,tldr17,halfB,real,selectivity_frac_coherent,0.54
4000,tldr17,halfB,real,selectivity_prefers_whitespace,0.05
4000,tldr17,halfB,real,selectivity_prefers_punctuation,0.11
4000,tldr17,halfB,real,selectivity_prefers_digit,0.06
4000,tldr17,halfB,real,selectivity_prefers_function_word,0.18
4000,tldr17,halfB,real,selectivity_prefers_content_word,0.31
4000,tldr17,halfB,real,selectivity_prefers_continuation,0.12
4000,tldr17,halfB,real,selectivity_prefers_other,0.17
4000,tldr17,halfB,null,selectivity_coherence_median,0.2455082359012578
4000,tldr17,halfB,null,selectivity_frac_coherent,0.0
4000,tldr17,halfB,null,selectivity_prefers_whitespace,0.0
4000,tldr17,halfB,null,selectivity_prefers_punctuation,0.0
4000,tldr17,halfB,null,selectivity_prefers_digit,0.14
4000,tldr17,halfB,null,selectivity_prefers_function_word,0.09
4000,tldr17,halfB,null,selectivity_prefers_content_word,0.69
4000,tldr17,halfB,null,selectivity_prefers_continuation,0.02
4000,tldr17,halfB,null,selectivity_prefers_other,0.06
4000,wikitext,halfA,real,selectivity_coherence_median,0.4821019918717918
4000,wikitext,halfA,real,selectivity_frac_coherent,0.42
4000,wikitext,halfA,real,selectivity_prefers_whitespace,0.04
4000,wikitext,halfA,real,selectivity_prefers_punctuation,0.19
4000,wikitext,halfA,real,selectivity_prefers_digit,0.09
4000,wikitext,halfA,real,selectivity_prefers_function_word,0.25
4000,wikitext,halfA,real,selectivity_prefers_content_word,0.27
4000,wikitext,halfA,real,selectivity_prefers_continuation,0.14
4000,wikitext,halfA,real,selectivity_prefers_other,0.02
4000,wikitext,halfA,null,selectivity_coherence_median,0.26084500220884643
4000,wikitext,halfA,null,selectivity_frac_coherent,0.0
4000,wikitext,halfA,null,selectivity_prefers_whitespace,0.0
4000,wikitext,halfA,null,selectivity_prefers_punctuation,0.0
4000,wikitext,halfA,null,selectivity_prefers_digit,0.03
4000,wikitext,halfA,null,selectivity_prefers_function_word,0.17
4000,wikitext,halfA,null,selectivity_prefers_content_word,0.74
4000,wikitext,halfA,null,selectivity_prefers_continuation,0.06
4000,wikitext,halfA,null,selectivity_prefers_other,0.0
4000,wikitext,halfB,real,selectivity_coherence_median,0.500170424502612
4000,wikitext,halfB,real,selectivity_frac_coherent,0.51
4000,wikitext,halfB,real,selectivity_prefers_whitespace,0.04
4000,wikitext,halfB,real,selectivity_prefers_punctuation,0.2
4000,wikitext,halfB,real,selectivity_prefers_digit,0.1
4000,wikitext,halfB,real,selectivity_prefers_function_word,0.24
4000,wikitext,halfB,real,selectivity_prefers_content_word,0.27
4000,wikitext,halfB,real,selectivity_prefers_continuation,0.12
4000,wikitext,halfB,real,selectivity_prefers_other,0.03
4000,wikitext,halfB,null,selectivity_coherence_median,0.29795066997782904
4000,wikitext,halfB,null,selectivity_frac_coherent,0.01
4000,wikitext,halfB,null,selectivity_prefers_whitespace,0.0
4000,wikitext,halfB,null,selectivity_prefers_punctuation,0.0
4000,wikitext,halfB,null,selectivity_prefers_digit,0.05
4000,wikitext,halfB,null,selectivity_prefers_function_word,0.18
4000,wikitext,halfB,null,selectivity_prefers_content_word,0.72
4000,wikitext,halfB,null,selectivity_prefers_continuation,0.04
4000,wikitext,halfB,null,selectivity_prefers_other,0.01
4,agnews,halfA,real,selectivity_coherence_median,0.3114341211446637
4,agnews,halfA,real,selectivity_frac_coherent,0.07
4,agnews,halfA,real,selectivity_prefers_whitespace,0.01
4,agnews,halfA,real,selectivity_prefers_punctuation,0.34
4,agnews,halfA,real,selectivity_prefers_digit,0.03
4,agnews,halfA,real,selectivity_prefers_function_word,0.31
4,agnews,halfA,real,selectivity_prefers_content_word,0.11
4,agnews,halfA,real,selectivity_prefers_continuation,0.2
4,agnews,halfA,real,selectivity_prefers_other,0.0
4,agnews,halfA,null,selectivity_coherence_median,0.16692071976437417
4,agnews,halfA,null,selectivity_frac_coherent,0.0
4,agnews,halfA,null,selectivity_prefers_whitespace,0.0
4,agnews,halfA,null,selectivity_prefers_punctuation,0.04
4,agnews,halfA,null,selectivity_prefers_digit,0.02
4,agnews,halfA,null,selectivity_prefers_function_word,0.23
4,agnews,halfA,null,selectivity_prefers_content_word,0.3
4,agnews,halfA,null,selectivity_prefers_continuation,0.41
4,agnews,halfA,null,selectivity_prefers_other,0.0
4,agnews,halfB,real,selectivity_coherence_median,0.318002772226247
4,agnews,halfB,real,selectivity_frac_coherent,0.06
4,agnews,halfB,real,selectivity_prefers_whitespace,0.05
4,agnews,halfB,real,selectivity_prefers_punctuation,0.34
4,agnews,halfB,real,selectivity_prefers_digit,0.04
4,agnews,halfB,real,selectivity_prefers_function_word,0.3
4,agnews,halfB,real,selectivity_prefers_content_word,0.11
4,agnews,halfB,real,selectivity_prefers_continuation,0.16
4,agnews,halfB,real,selectivity_prefers_other,0.0
4,agnews,halfB,null,selectivity_coherence_median,0.1661047496970763
4,agnews,halfB,null,selectivity_frac_coherent,0.0
4,agnews,halfB,null,selectivity_prefers_whitespace,0.0
4,agnews,halfB,null,selectivity_prefers_punctuation,0.07
4,agnews,halfB,null,selectivity_prefers_digit,0.06
4,agnews,halfB,null,selectivity_prefers_function_word,0.19
4,agnews,halfB,null,selectivity_prefers_content_word,0.22
4,agnews,halfB,null,selectivity_prefers_continuation,0.46
4,agnews,halfB,null,selectivity_prefers_other,0.0
4,bookcorpus,halfA,real,selectivity_coherence_median,0.35747085346017726
4,bookcorpus,halfA,real,selectivity_frac_coherent,0.11
4,bookcorpus,halfA,real,selectivity_prefers_whitespace,0.01
4,bookcorpus,halfA,real,selectivity_prefers_punctuation,0.4
4,bookcorpus,halfA,real,selectivity_prefers_digit,0.17
4,bookcorpus,halfA,real,selectivity_prefers_function_word,0.26
4,bookcorpus,halfA,real,selectivity_prefers_content_word,0.05
4,bookcorpus,halfA,real,selectivity_prefers_continuation,0.11
4,bookcorpus,halfA,real,selectivity_prefers_other,0.0
4,bookcorpus,halfA,null,selectivity_coherence_median,0.17333828511417732
4,bookcorpus,halfA,null,selectivity_frac_coherent,0.0
4,bookcorpus,halfA,null,selectivity_prefers_whitespace,0.0
4,bookcorpus,halfA,null,selectivity_prefers_punctuation,0.0
4,bookcorpus,halfA,null,selectivity_prefers_digit,0.31
4,bookcorpus,halfA,null,selectivity_prefers_function_word,0.22
4,bookcorpus,halfA,null,selectivity_prefers_content_word,0.15
4,bookcorpus,halfA,null,selectivity_prefers_continuation,0.32
4,bookcorpus,halfA,null,selectivity_prefers_other,0.0
4,bookcorpus,halfB,real,selectivity_coherence_median,0.3547112131442234
4,bookcorpus,halfB,real,selectivity_frac_coherent,0.11
4,bookcorpus,halfB,real,selectivity_prefers_whitespace,0.0
4,bookcorpus,halfB,real,selectivity_prefers_punctuation,0.37
4,bookcorpus,halfB,real,selectivity_prefers_digit,0.16
4,bookcorpus,halfB,real,selectivity_prefers_function_word,0.29
4,bookcorpus,halfB,real,selectivity_prefers_content_word,0.07
4,bookcorpus,halfB,real,selectivity_prefers_continuation,0.11
4,bookcorpus,halfB,real,selectivity_prefers_other,0.0
4,bookcorpus,halfB,null,selectivity_coherence_median,0.17199487594219642
4,bookcorpus,halfB,null,selectivity_frac_coherent,0.0
4,bookcorpus,halfB,null,selectivity_prefers_whitespace,0.0
4,bookcorpus,halfB,null,selectivity_prefers_punctuation,0.01
4,bookcorpus,halfB,null,selectivity_prefers_digit,0.25
4,bookcorpus,halfB,null,selectivity_prefers_function_word,0.24
4,bookcorpus,halfB,null,selectivity_prefers_content_word,0.15
4,bookcorpus,halfB,null,selectivity_prefers_continuation,0.35
4,bookcorpus,halfB,null,selectivity_prefers_other,0.0
4,tldr17,halfA,real,selectivity_coherence_median,0.4227933019547824
4,tldr17,halfA,real,selectivity_frac_coherent,0.25
4,tldr17,halfA,real,selectivity_prefers_whitespace,0.1
4,tldr17,halfA,real,selectivity_prefers_punctuation,0.35
4,tldr17,halfA,real,selectivity_prefers_digit,0.05
4,tldr17,halfA,real,selectivity_prefers_function_word,0.24
4,tldr17,halfA,real,selectivity_prefers_content_word,0.07
4,tldr17,halfA,real,selectivity_prefers_continuation,0.15
4,tldr17,halfA,real,selectivity_prefers_other,0.04
4,tldr17,halfA,null,selectivity_coherence_median,0.10702813925870983
4,tldr17,halfA,null,selectivity_frac_coherent,0.0
4,tldr17,halfA,null,selectivity_prefers_whitespace,0.0
4,tldr17,halfA,null,selectivity_prefers_punctuation,0.01
4,tldr17,halfA,null,selectivity_prefers_digit,0.2
4,tldr17,halfA,null,selectivity_prefers_function_word,0.23
4,tldr17,halfA,null,selectivity_prefers_content_word,0.24
4,tldr17,halfA,null,selectivity_prefers_continuation,0.31
4,tldr17,halfA,null,selectivity_prefers_other,0.01
4,tldr17,halfB,real,selectivity_coherence_median,0.39656345918301095
4,tldr17,halfB,real,selectivity_frac_coherent,0.23
4,tldr17,halfB,real,selectivity_prefers_whitespace,0.08
4,tldr17,halfB,real,selectivity_prefers_punctuation,0.34
4,tldr17,halfB,real,selectivity_prefers_digit,0.09
4,tldr17,halfB,real,selectivity_prefers_function_word,0.26
4,tldr17,halfB,real,selectivity_prefers_content_word,0.1
4,tldr17,halfB,real,selectivity_prefers_continuation,0.11
4,tldr17,halfB,real,selectivity_prefers_other,0.02
4,tldr17,halfB,null,selectivity_coherence_median,0.11485033580672387
4,tldr17,halfB,null,selectivity_frac_coherent,0.0
4,tldr17,halfB,null,selectivity_prefers_whitespace,0.01
4,tldr17,halfB,null,selectivity_prefers_punctuation,0.03
4,tldr17,halfB,null,selectivity_prefers_digit,0.23
4,tldr17,halfB,null,selectivity_prefers_function_word,0.23
4,tldr17,halfB,null,selectivity_prefers_content_word,0.18
4,tldr17,halfB,null,selectivity_prefers_continuation,0.31
4,tldr17,halfB,null,selectivity_prefers_other,0.01
4,wikitext,halfA,real,selectivity_coherence_median,0.3421469868328636
4,wikitext,halfA,real,selectivity_frac_coherent,0.1
4,wikitext,halfA,real,selectivity_prefers_whitespace,0.03
4,wikitext,halfA,real,selectivity_prefers_punctuation,0.33
4,wikitext,halfA,real,selectivity_prefers_digit,0.19
4,wikitext,halfA,real,selectivity_prefers_function_word,0.28
4,wikitext,halfA,real,selectivity_prefers_content_word,0.03
4,wikitext,halfA,real,selectivity_prefers_continuation,0.11
4,wikitext,halfA,real,selectivity_prefers_other,0.03
4,wikitext,halfA,null,selectivity_coherence_median,0.15818482238485687
4,wikitext,halfA,null,selectivity_frac_coherent,0.0
4,wikitext,halfA,null,selectivity_prefers_whitespace,0.0
4,wikitext,halfA,null,selectivity_prefers_punctuation,0.05
4,wikitext,halfA,null,selectivity_prefers_digit,0.3
4,wikitext,halfA,null,selectivity_prefers_function_word,0.14
4,wikitext,halfA,null,selectivity_prefers_content_word,0.24
4,wikitext,halfA,null,selectivity_prefers_continuation,0.26
4,wikitext,halfA,null,selectivity_prefers_other,0.01
4,wikitext,halfB,real,selectivity_coherence_median,0.34617674060972103
4,wikitext,halfB,real,selectivity_frac_coherent,0.1
4,wikitext,halfB,real,selectivity_prefers_whitespace,0.03
4,wikitext,halfB,real,selectivity_prefers_punctuation,0.33
4,wikitext,halfB,real,selectivity_prefers_digit,0.15
4,wikitext,halfB,real,selectivity_prefers_function_word,0.27
4,wikitext,halfB,real,selectivity_prefers_content_word,0.03
4,wikitext,halfB,real,selectivity_prefers_continuation,0.16
4,wikitext,halfB,real,selectivity_prefers_other,0.03
4,wikitext,halfB,null,selectivity_coherence_median,0.1552589347551942
4,wikitext,halfB,null,selectivity_frac_coherent,0.0
4,wikitext,halfB,null,selectivity_prefers_whitespace,0.0
4,wikitext,halfB,null,selectivity_prefers_punctuation,0.04
4,wikitext,halfB,null,selectivity_prefers_digit,0.24
4,wikitext,halfB,null,selectivity_prefers_function_word,0.17
4,wikitext,halfB,null,selectivity_prefers_content_word,0.21
4,wikitext,halfB,null,selectivity_prefers_continuation,0.32
4,wikitext,halfB,null,selectivity_prefers_other,0.02
64000,agnews,halfA,real,selectivity_coherence_median,0.4944572047879967
64000,agnews,halfA,real,selectivity_frac_coherent,0.48
64000,agnews,halfA,real,selectivity_prefers_whitespace,0.02
64000,agnews,halfA,real,selectivity_prefers_punctuation,0.17
64000,agnews,halfA,real,selectivity_prefers_digit,0.09
64000,agnews,halfA,real,selectivity_prefers_function_word,0.18
64000,agnews,halfA,real,selectivity_prefers_content_word,0.17
64000,agnews,halfA,real,selectivity_prefers_continuation,0.29
64000,agnews,halfA,real,selectivity_prefers_other,0.08
64000,agnews,halfA,null,selectivity_coherence_median,0.2925990955856749
64000,agnews,halfA,null,selectivity_frac_coherent,0.05
64000,agnews,halfA,null,selectivity_prefers_whitespace,0.0
64000,agnews,halfA,null,selectivity_prefers_punctuation,0.05
64000,agnews,halfA,null,selectivity_prefers_digit,0.18
64000,agnews,halfA,null,selectivity_prefers_function_word,0.29
64000,agnews,halfA,null,selectivity_prefers_content_word,0.06
64000,agnews,halfA,null,selectivity_prefers_continuation,0.38
64000,agnews,halfA,null,selectivity_prefers_other,0.04
64000,agnews,halfB,real,selectivity_coherence_median,0.4954516888007987
64000,agnews,halfB,real,selectivity_frac_coherent,0.48
64000,agnews,halfB,real,selectivity_prefers_whitespace,0.03
64000,agnews,halfB,real,selectivity_prefers_punctuation,0.15
64000,agnews,halfB,real,selectivity_prefers_digit,0.08
64000,agnews,halfB,real,selectivity_prefers_function_word,0.19
64000,agnews,halfB,real,selectivity_prefers_content_word,0.16
64000,agnews,halfB,real,selectivity_prefers_continuation,0.31
64000,agnews,halfB,real,selectivity_prefers_other,0.08
64000,agnews,halfB,null,selectivity_coherence_median,0.2941244636689331
64000,agnews,halfB,null,selectivity_frac_coherent,0.03
64000,agnews,halfB,null,selectivity_prefers_whitespace,0.0
64000,agnews,halfB,null,selectivity_prefers_punctuation,0.06
64000,agnews,halfB,null,selectivity_prefers_digit,0.13
64000,agnews,halfB,null,selectivity_prefers_function_word,0.36
64000,agnews,halfB,null,selectivity_prefers_content_word,0.08
64000,agnews,halfB,null,selectivity_prefers_continuation,0.37
64000,agnews,halfB,null,selectivity_prefers_other,0.0
64000,bookcorpus,halfA,real,selectivity_coherence_median,0.4310023840797653
64000,bookcorpus,halfA,real,selectivity_frac_coherent,0.33
64000,bookcorpus,halfA,real,selectivity_prefers_whitespace,0.0
64000,bookcorpus,halfA,real,selectivity_prefers_punctuation,0.13
64000,bookcorpus,halfA,real,selectivity_prefers_digit,0.04
64000,bookcorpus,halfA,real,selectivity_prefers_function_word,0.31
64000,bookcorpus,halfA,real,selectivity_prefers_content_word,0.22
64000,bookcorpus,halfA,real,selectivity_prefers_continuation,0.25
64000,bookcorpus,halfA,real,selectivity_prefers_other,0.05
64000,bookcorpus,halfA,null,selectivity_coherence_median,0.2577047181489579
64000,bookcorpus,halfA,null,selectivity_frac_coherent,0.01
64000,bookcorpus,halfA,null,selectivity_prefers_whitespace,0.0
64000,bookcorpus,halfA,null,selectivity_prefers_punctuation,0.16
64000,bookcorpus,halfA,null,selectivity_prefers_digit,0.05
64000,bookcorpus,halfA,null,selectivity_prefers_function_word,0.15
64000,bookcorpus,halfA,null,selectivity_prefers_content_word,0.31
64000,bookcorpus,halfA,null,selectivity_prefers_continuation,0.31
64000,bookcorpus,halfA,null,selectivity_prefers_other,0.02
64000,bookcorpus,halfB,real,selectivity_coherence_median,0.4450294539359967
64000,bookcorpus,halfB,real,selectivity_frac_coherent,0.29
64000,bookcorpus,halfB,real,selectivity_prefers_whitespace,0.0
64000,bookcorpus,halfB,real,selectivity_prefers_punctuation,0.13
64000,bookcorpus,halfB,real,selectivity_prefers_digit,0.03
64000,bookcorpus,halfB,real,selectivity_prefers_function_word,0.29
64000,bookcorpus,halfB,real,selectivity_prefers_content_word,0.24
64000,bookcorpus,halfB,real,selectivity_prefers_continuation,0.25
64000,bookcorpus,halfB,real,selectivity_prefers_other,0.06
64000,bookcorpus,halfB,null,selectivity_coherence_median,0.2660274700408862
64000,bookcorpus,halfB,null,selectivity_frac_coherent,0.02
64000,bookcorpus,halfB,null,selectivity_prefers_whitespace,0.0
64000,bookcorpus,halfB,null,selectivity_prefers_punctuation,0.2
64000,bookcorpus,halfB,null,selectivity_prefers_digit,0.03
64000,bookcorpus,halfB,null,selectivity_prefers_function_word,0.15
64000,bookcorpus,halfB,null,selectivity_prefers_content_word,0.32
64000,bookcorpus,halfB,null,selectivity_prefers_continuation,0.26
64000,bookcorpus,halfB,null,selectivity_prefers_other,0.04
64000,tldr17,halfA,real,selectivity_coherence_median,0.5223414953271046
64000,tldr17,halfA,real,selectivity_frac_coherent,0.53
64000,tldr17,halfA,real,selectivity_prefers_whitespace,0.07
64000,tldr17,halfA,real,selectivity_prefers_punctuation,0.09
64000,tldr17,halfA,real,selectivity_prefers_digit,0.09
64000,tldr17,halfA,real,selectivity_prefers_function_word,0.16
64000,tldr17,halfA,real,selectivity_prefers_content_word,0.15
64000,tldr17,halfA,real,selectivity_prefers_continuation,0.25
64000,tldr17,halfA,real,selectivity_prefers_other,0.19
64000,tldr17,halfA,null,selectivity_coherence_median,0.25196003443614323
64000,tldr17,halfA,null,selectivity_frac_coherent,0.0
64000,tldr17,halfA,null,selectivity_prefers_whitespace,0.02
64000,tldr17,halfA,null,selectivity_prefers_punctuation,0.02
64000,tldr17,halfA,null,selectivity_prefers_digit,0.15
64000,tldr17,halfA,null,selectivity_prefers_function_word,0.01
64000,tldr17,halfA,null,selectivity_prefers_content_word,0.35
64000,tldr17,halfA,null,selectivity_prefers_continuation,0.31
64000,tldr17,halfA,null,selectivity_prefers_other,0.14
64000,tldr17,halfB,real,selectivity_coherence_median,0.5186370344227251
64000,tldr17,halfB,real,selectivity_frac_coherent,0.53
64000,tldr17,halfB,real,selectivity_prefers_whitespace,0.06
64000,tldr17,halfB,real,selectivity_prefers_punctuation,0.08
64000,tldr17,halfB,real,selectivity_prefers_digit,0.1
64000,tldr17,halfB,real,selectivity_prefers_function_word,0.16
64000,tldr17,halfB,real,selectivity_prefers_content_word,0.18
64000,tldr17,halfB,real,selectivity_prefers_continuation,0.26
64000,tldr17,halfB,real,selectivity_prefers_other,0.16
64000,tldr17,halfB,null,selectivity_coherence_median,0.25701582877992785
64000,tldr17,halfB,null,selectivity_frac_coherent,0.02
64000,tldr17,halfB,null,selectivity_prefers_whitespace,0.0
64000,tldr17,halfB,null,selectivity_prefers_punctuation,0.01
64000,tldr17,halfB,null,selectivity_prefers_digit,0.26
64000,tldr17,halfB,null,selectivity_prefers_function_word,0.01
64000,tldr17,halfB,null,selectivity_prefers_content_word,0.27
64000,tldr17,halfB,null,selectivity_prefers_continuation,0.34
64000,tldr17,halfB,null,selectivity_prefers_other,0.11
64000,wikitext,halfA,real,selectivity_coherence_median,0.4870834491366095
64000,wikitext,halfA,real,selectivity_frac_coherent,0.44
64000,wikitext,halfA,real,selectivity_prefers_whitespace,0.04
64000,wikitext,halfA,real,selectivity_prefers_punctuation,0.17
64000,wikitext,halfA,real,selectivity_prefers_digit,0.09
64000,wikitext,halfA,real,selectivity_prefers_function_word,0.24
64000,wikitext,halfA,real,selectivity_prefers_content_word,0.16
64000,wikitext,halfA,real,selectivity_prefers_continuation,0.27
64000,wikitext,halfA,real,selectivity_prefers_other,0.03
64000,wikitext,halfA,null,selectivity_coherence_median,0.24375753668473518
64000,wikitext,halfA,null,selectivity_frac_coherent,0.01
64000,wikitext,halfA,null,selectivity_prefers_whitespace,0.03
64000,wikitext,halfA,null,selectivity_prefers_punctuation,0.02
64000,wikitext,halfA,null,selectivity_prefers_digit,0.09
64000,wikitext,halfA,null,selectivity_prefers_function_word,0.21
64000,wikitext,halfA,null,selectivity_prefers_content_word,0.23
64000,wikitext,halfA,null,selectivity_prefers_continuation,0.41
64000,wikitext,halfA,null,selectivity_prefers_other,0.01
64000,wikitext,halfB,real,selectivity_coherence_median,0.5139215073311081
64000,wikitext,halfB,real,selectivity_frac_coherent,0.55
64000,wikitext,halfB,real,selectivity_prefers_whitespace,0.05
64000,wikitext,halfB,real,selectivity_prefers_punctuation,0.16
64000,wikitext,halfB,real,selectivity_prefers_digit,0.1
64000,wikitext,halfB,real,selectivity_prefers_function_word,0.25
64000,wikitext,halfB,real,selectivity_prefers_content_word,0.16
64000,wikitext,halfB,real,selectivity_prefers_continuation,0.26
64000,wikitext,halfB,real,selectivity_prefers_other,0.02
64000,wikitext,halfB,null,selectivity_coherence_median,0.283157785557363
64000,wikitext,halfB,null,selectivity_frac_coherent,0.04
64000,wikitext,halfB,null,selectivity_prefers_whitespace,0.03
64000,wikitext,halfB,null,selectivity_prefers_punctuation,0.01
64000,wikitext,halfB,null,selectivity_prefers_digit,0.09
64000,wikitext,halfB,null,selectivity_prefers_function_word,0.22
64000,wikitext,halfB,null,selectivity_prefers_content_word,0.26
64000,wikitext,halfB,null,selectivity_prefers_continuation,0.34
64000,wikitext,halfB,null,selectivity_prefers_other,0.05
64,agnews,halfA,real,selectivity_coherence_median,0.3887390173117097
64,agnews,halfA,real,selectivity_frac_coherent,0.35
64,agnews,halfA,real,selectivity_prefers_whitespace,0.07
64,agnews,halfA,real,selectivity_prefers_punctuation,0.32
64,agnews,halfA,real,selectivity_prefers_digit,0.17
64,agnews,halfA,real,selectivity_prefers_function_word,0.31
64,agnews,halfA,real,selectivity_prefers_content_word,0.06
64,agnews,halfA,real,selectivity_prefers_continuation,0.06
64,agnews,halfA,real,selectivity_prefers_other,0.01
64,agnews,halfA,null,selectivity_coherence_median,0.14205699553803627
64,agnews,halfA,null,selectivity_frac_coherent,0.0
64,agnews,halfA,null,selectivity_prefers_whitespace,0.05
64,agnews,halfA,null,selectivity_prefers_punctuation,0.4
64,agnews,halfA,null,selectivity_prefers_digit,0.26
64,agnews,halfA,null,selectivity_prefers_function_word,0.04
64,agnews,halfA,null,selectivity_prefers_content_word,0.14
64,agnews,halfA,null,selectivity_prefers_continuation,0.08
64,agnews,halfA,null,selectivity_prefers_other,0.03
64,agnews,halfB,real,selectivity_coherence_median,0.4019955650490361
64,agnews,halfB,real,selectivity_frac_coherent,0.35
64,agnews,halfB,real,selectivity_prefers_whitespace,0.08
64,agnews,halfB,real,selectivity_prefers_punctuation,0.32
64,agnews,halfB,real,selectivity_prefers_digit,0.18
64,agnews,halfB,real,selectivity_prefers_function_word,0.3
64,agnews,halfB,real,selectivity_prefers_content_word,0.07
64,agnews,halfB,real,selectivity_prefers_continuation,0.04
64,agnews,halfB,real,selectivity_prefers_other,0.01
64,agnews,halfB,null,selectivity_coherence_median,0.13878951938758685
64,agnews,halfB,null,selectivity_frac_coherent,0.0
64,agnews,halfB,null,selectivity_prefers_whitespace,0.01
64,agnews,halfB,null,selectivity_prefers_punctuation,0.53
64,agnews,halfB,null,selectivity_prefers_digit,0.2
64,agnews,halfB,null,selectivity_prefers_function_word,0.05
64,agnews,halfB,null,selectivity_prefers_content_word,0.1
64,agnews,halfB,null,selectivity_prefers_continuation,0.09
64,agnews,halfB,null,selectivity_prefers_other,0.02
64,bookcorpus,halfA,real,selectivity_coherence_median,0.33396629644195497
64,bookcorpus,halfA,real,selectivity_frac_coherent,0.2
64,bookcorpus,halfA,real,selectivity_prefers_whitespace,0.06
64,bookcorpus,halfA,real,selectivity_prefers_punctuation,0.32
64,bookcorpus,halfA,real,selectivity_prefers_digit,0.22
64,bookcorpus,halfA,real,selectivity_prefers_function_word,0.31
64,bookcorpus,halfA,real,selectivity_prefers_content_word,0.06
64,bookcorpus,halfA,real,selectivity_prefers_continuation,0.02
64,bookcorpus,halfA,real,selectivity_prefers_other,0.01
64,bookcorpus,halfA,null,selectivity_coherence_median,0.13025212873801828
64,bookcorpus,halfA,null,selectivity_frac_coherent,0.0
64,bookcorpus,halfA,null,selectivity_prefers_whitespace,0.01
64,bookcorpus,halfA,null,selectivity_prefers_punctuation,0.03
64,bookcorpus,halfA,null,selectivity_prefers_digit,0.11
64,bookcorpus,halfA,null,selectivity_prefers_function_word,0.71
64,bookcorpus,halfA,null,selectivity_prefers_content_word,0.07
64,bookcorpus,halfA,null,selectivity_prefers_continuation,0.06
64,bookcorpus,halfA,null,selectivity_prefers_other,0.01
64,bookcorpus,halfB,real,selectivity_coherence_median,0.32940172692802394
64,bookcorpus,halfB,real,selectivity_frac_coherent,0.19
64,bookcorpus,halfB,real,selectivity_prefers_whitespace,0.05
64,bookcorpus,halfB,real,selectivity_prefers_punctuation,0.31
64,bookcorpus,halfB,real,selectivity_prefers_digit,0.21
64,bookcorpus,halfB,real,selectivity_prefers_function_word,0.33
64,bookcorpus,halfB,real,selectivity_prefers_content_word,0.08
64,bookcorpus,halfB,real,selectivity_prefers_continuation,0.02
64,bookcorpus,halfB,real,selectivity_prefers_other,0.0
64,bookcorpus,halfB,null,selectivity_coherence_median,0.12821473013120538
64,bookcorpus,halfB,null,selectivity_frac_coherent,0.0
64,bookcorpus,halfB,null,selectivity_prefers_whitespace,0.01
64,bookcorpus,halfB,null,selectivity_prefers_punctuation,0.04
64,bookcorpus,halfB,null,selectivity_prefers_digit,0.12
64,bookcorpus,halfB,null,selectivity_prefers_function_word,0.7
64,bookcorpus,halfB,null,selectivity_prefers_content_word,0.08
64,bookcorpus,halfB,null,selectivity_prefers_continuation,0.05
64,bookcorpus,halfB,null,selectivity_prefers_other,0.0
64,tldr17,halfA,real,selectivity_coherence_median,0.4499757898027686
64,tldr17,halfA,real,selectivity_frac_coherent,0.42
64,tldr17,halfA,real,selectivity_prefers_whitespace,0.17
64,tldr17,halfA,real,selectivity_prefers_punctuation,0.25
64,tldr17,halfA,real,selectivity_prefers_digit,0.12
64,tldr17,halfA,real,selectivity_prefers_function_word,0.3
64,tldr17,halfA,real,selectivity_prefers_content_word,0.11
64,tldr17,halfA,real,selectivity_prefers_continuation,0.02
64,tldr17,halfA,real,selectivity_prefers_other,0.03
64,tldr17,halfA,null,selectivity_coherence_median,0.10926523374330778
64,tldr17,halfA,null,selectivity_frac_coherent,0.0
64,tldr17,halfA,null,selectivity_prefers_whitespace,0.57
64,tldr17,halfA,null,selectivity_prefers_punctuation,0.12
64,tldr17,halfA,null,selectivity_prefers_digit,0.04
64,tldr17,halfA,null,selectivity_prefers_function_word,0.19
64,tldr17,halfA,null,selectivity_prefers_content_word,0.01
64,tldr17,halfA,null,selectivity_prefers_continuation,0.04
64,tldr17,halfA,null,selectivity_prefers_other,0.03
64,tldr17,halfB,real,selectivity_coherence_median,0.44385938695124233
64,tldr17,halfB,real,selectivity_frac_coherent,0.4
64,tldr17,halfB,real,selectivity_prefers_whitespace,0.14
64,tldr17,halfB,real,selectivity_prefers_punctuation,0.24
64,tldr17,halfB,real,selectivity_prefers_digit,0.15
64,tldr17,halfB,real,selectivity_prefers_function_word,0.34
64,tldr17,halfB,real,selectivity_prefers_content_word,0.09
64,tldr17,halfB,real,selectivity_prefers_continuation,0.01
64,tldr17,halfB,real,selectivity_prefers_other,0.03
64,tldr17,halfB,null,selectivity_coherence_median,0.09682201078856492
64,tldr17,halfB,null,selectivity_frac_coherent,0.01
64,tldr17,halfB,null,selectivity_prefers_whitespace,0.41
64,tldr17,halfB,null,selectivity_prefers_punctuation,0.19
64,tldr17,halfB,null,selectivity_prefers_digit,0.13
64,tldr17,halfB,null,selectivity_prefers_function_word,0.2
64,tldr17,halfB,null,selectivity_prefers_content_word,0.02
64,tldr17,halfB,null,selectivity_prefers_continuation,0.0
64,tldr17,halfB,null,selectivity_prefers_other,0.05
64,wikitext,halfA,real,selectivity_coherence_median,0.3995602402006666
64,wikitext,halfA,real,selectivity_frac_coherent,0.32
64,wikitext,halfA,real,selectivity_prefers_whitespace,0.14
64,wikitext,halfA,real,selectivity_prefers_punctuation,0.31
64,wikitext,halfA,real,selectivity_prefers_digit,0.16
64,wikitext,halfA,real,selectivity_prefers_function_word,0.29
64,wikitext,halfA,real,selectivity_prefers_content_word,0.05
64,wikitext,halfA,real,selectivity_prefers_continuation,0.03
64,wikitext,halfA,real,selectivity_prefers_other,0.02
64,wikitext,halfA,null,selectivity_coherence_median,0.12795046527893414
64,wikitext,halfA,null,selectivity_frac_coherent,0.0
64,wikitext,halfA,null,selectivity_prefers_whitespace,0.02
64,wikitext,halfA,null,selectivity_prefers_punctuation,0.39
64,wikitext,halfA,null,selectivity_prefers_digit,0.17
64,wikitext,halfA,null,selectivity_prefers_function_word,0.19
64,wikitext,halfA,null,selectivity_prefers_content_word,0.08
64,wikitext,halfA,null,selectivity_prefers_continuation,0.06
64,wikitext,halfA,null,selectivity_prefers_other,0.09
64,wikitext,halfB,real,selectivity_coherence_median,0.3907558687476549
64,wikitext,halfB,real,selectivity_frac_coherent,0.32
64,wikitext,halfB,real,selectivity_prefers_whitespace,0.14
64,wikitext,halfB,real,selectivity_prefers_punctuation,0.29
64,wikitext,halfB,real,selectivity_prefers_digit,0.19
64,wikitext,halfB,real,selectivity_prefers_function_word,0.27
64,wikitext,halfB,real,selectivity_prefers_content_word,0.08
64,wikitext,halfB,real,selectivity_prefers_continuation,0.03
64,wikitext,halfB,real,selectivity_prefers_other,0.0
64,wikitext,halfB,null,selectivity_coherence_median,0.12367477391725337
64,wikitext,halfB,null,selectivity_frac_coherent,0.01
64,wikitext,halfB,null,selectivity_prefers_whitespace,0.02
64,wikitext,halfB,null,selectivity_prefers_punctuation,0.34
64,wikitext,halfB,null,selectivity_prefers_digit,0.2
64,wikitext,halfB,null,selectivity_prefers_function_word,0.3
64,wikitext,halfB,null,selectivity_prefers_content_word,0.02
64,wikitext,halfB,null,selectivity_prefers_continuation,0.02
64,wikitext,halfB,null,selectivity_prefers_other,0.1
