panel,task_domain,model,within,across,p,set,n_tasks,mean,se,frac_real_lt_null,p_wilcoxon,real,null,p_real_max,half,tree,ratio,mean_real,mean_null,p_wilcoxon_real_gt_null
A,Lan,2B,0.17589893100097181,0.005782312925170068,0.00029997000299970003,,,,,,,,,,,,,,,
A,Lan,4B,0.15937803692905733,0.007351327627825324,0.00039996000399960006,,,,,,,,,,,,,,,
A,MD,2B,0.11625094482237339,0.032733093237294925,0.0026997300269973002,,,,,,,,,,,,,,,
A,MD,4B,0.128202947845805,0.03484461966604823,9.999000099990002e-05,,,,,,,,,,,,,,,
A,ToM,2B,0.0891156462585034,0.021830550401978968,0.055094490550944904,,,,,,,,,,,,,,,
A,ToM,4B,0.07392290249433107,0.038832199546485265,0.10578942105789421,,,,,,,,,,,,,,,
A,phys,2B,0.15442176870748298,0.04551638837353122,0.0211978802119788,,,,,,,,,,,,,,,
A,phys,4B,0.14758125472411188,0.055268850835353295,0.0008999100089991,,,,,,,,,,,,,,,
B,,,,,,2B book,27,-0.3359797276644864,0.06634992843932895,0.8518518518518519,9.395182132720947e-06,,,,,,,,,
B,,,,,,2B wiki,27,-0.20924596659075262,0.04392947348290776,0.8518518518518519,4.76837158203125e-06,,,,,,,,,
B,,,,,,2B news,27,-0.2110175693603161,0.03582225188347542,0.9259259259259259,3.330409526824951e-06,,,,,,,,,
B,,,,,,2B tldr,27,-0.18728241460109413,0.04343023232792985,0.7407407407407407,0.00015044957399368286,,,,,,,,,
B,,,,,,2B code,27,-0.04708348339234286,0.02110106441184318,0.6296296296296297,0.02923712134361267,,,,,,,,,
B,,,,,,2B pool,27,0.00207471414196502,0.05984055865673111,0.4074074074074074,0.634141132235527,,,,,,,,,
B,,,,,,4B wiki,38,-0.06762141167279301,0.02491274538040458,0.6842105263157895,0.00994271996387397,,,,,,,,,
B,,,,,,4B pool,38,0.11781861100329805,0.04313377618682818,0.23684210526315788,0.9979784020943043,,,,,,,,,
C,Lan,,,,,2B book,,0.08871527946502522,,,,,,,,,,,,
C,MD,,,,,2B book,,-0.5283160978544477,,,,,,,,,,,,
C,ToM,,,,,2B book,,0.12306892937076541,,,,,,,,,,,,
C,phys,,,,,2B book,,-0.8189603201770599,,,,,,,,,,,,
C,Lan,,,,,2B wiki,,-0.5586799493748171,,,,,,,,,,,,
C,MD,,,,,2B wiki,,-0.13470996653564038,,,,,,,,,,,,
C,ToM,,,,,2B wiki,,-0.02324673282015044,,,,,,,,,,,,
C,phys,,,,,2B wiki,,-0.1791303889299498,,,,,,,,,,,,
C,Lan,,,,,2B news,,-0.30387380507057693,,,,,,,,,,,,
C,MD,,,,,2B news,,-0.21860534404073007,,,,,,,,,,,,
C,ToM,,,,,2B news,,-0.010397869836628937,,,,,,,,,,,,
C,phys,,,,,2B news,,-0.22951141976243705,,,,,,,,,,,,
C,Lan,,,,,2B tldr,,-0.304977289028042,,,,,,,,,,,,
C,MD,,,,,2B tldr,,-0.2806481711547437,,,,,,,,,,,,
C,ToM,,,,,2B tldr,,-0.21190785507718535,,,,,,,,,,,,
C,phys,,,,,2B tldr,,-0.19664614455622909,,,,,,,,,,,,
C,Lan,,,,,2B code,,0.011072382555409765,,,,,,,,,,,,
C,MD,,,,,2B code,,-0.0009006196247851594,,,,,,,,,,,,
C,ToM,,,,,2B code,,0.05709488939239771,,,,,,,,,,,,
C,phys,,,,,2B code,,0.02060420711474409,,,,,,,,,,,,
C,Lan,,,,,2B pool,,-0.12333354172917943,,,,,,,,,,,,
C,MD,,,,,2B pool,,0.4157987467811213,,,,,,,,,,,,
C,ToM,,,,,2B pool,,-0.23083706041095575,,,,,,,,,,,,
C,phys,,,,,2B pool,,0.0122727561581093,,,,,,,,,,,,
C,Lan,,,,,4B wiki,,-0.08674923349699015,,,,,,,,,,,,
C,MD,,,,,4B wiki,,-0.08021355884977077,,,,,,,,,,,,
C,ToM,,,,,4B wiki,,0.004243856866141593,,,,,,,,,,,,
C,phys,,,,,4B wiki,,-0.002085340984829376,,,,,,,,,,,,
C,Lan,,,,,4B pool,,0.09394040143778914,,,,,,,,,,,,
C,MD,,,,,4B pool,,0.3871910653863915,,,,,,,,,,,,
C,ToM,,,,,4B pool,,0.1408774069988996,,,,,,,,,,,,
C,phys,,,,,4B pool,,0.263692207431272,,,,,,,,,,,,
E,,,,,,2B book,,,,,,0.4278736694063352,0.17059390780479727,0.000999000999000999,,,,,,
E,,,,,,2B wiki,,,,,,0.43544090521317147,0.07761785118689332,0.000999000999000999,,,,,,
E,,,,,,2B news,,,,,,0.4132018481180534,0.18870095344775834,0.000999000999000999,,,,,,
E,,,,,,2B tldr,,,,,,0.4648803533797544,0.2370036296031781,0.000999000999000999,,,,,,
E,,,,,,2B code,,,,,,0.25672861587054596,0.07791827165038773,0.005994005994005994,,,,,,
E,,,,,,2B pool,,,,,,0.46158549862395176,0.23904106234881436,0.000999000999000999,,,,,,
E,,,,,,4B wiki,,,,,,0.6945153217333928,0.1731959080417927,0.000999000999000999,,,,,,
E,,,,,,4B pool,,,,,,0.6246435925855441,0.09670480591639755,0.000999000999000999,,,,,,
F,,,,,,2B book,,,,,,0.08055112744980414,0.028110553652815964,0.000999000999000999,,,,,,
F,,,,,,2B wiki,,,,,,0.09865558020085033,0.03209418004890573,0.001998001998001998,,,,,,
F,,,,,,2B news,,,,,,0.08202280938454838,0.01783189705795553,0.000999000999000999,,,,,,
F,,,,,,2B tldr,,,,,,0.11081412428335483,0.042130007988840854,0.000999000999000999,,,,,,
F,,,,,,2B code,,,,,,0.02745974025694553,0.014628080714510463,0.059940059940059943,,,,,,
F,,,,,,2B pool,,,,,,0.1131862126897061,0.05689435420358076,0.000999000999000999,,,,,,
F,,,,,,4B wiki,,,,,,0.14232778557968706,0.038933875774501,0.000999000999000999,,,,,,
F,,,,,,4B pool,,,,,,0.131153920042336,0.05006781435385092,0.000999000999000999,,,,,,
G,,,,,,2B book,,,,,,67.0,0.0,,,,,,,
G,,,,,,2B wiki,,,,,,77.5,74.0,,,,,,,
G,,,,,,2B news,,,,,,71.0,0.0,,,,,,,
G,,,,,,2B tldr,,,,,,104.0,66.0,,,,,,,
G,,,,,,2B code,,,,,,62.0,0.0,,,,,,,
G,,,,,,2B pool,,,,,,103.0,0.0,,,,,,,
G,,,,,,4B wiki,,,,,,181.5,132.0,,,,,,,
G,,,,,,4B pool,,,,,,245.0,0.0,,,,,,,
D,Lan,,,,,2B book,,,,,,,,,halfA,real,2.8632647686748913,,,
D,MD,,,,,2B book,,,,,,,,,halfA,real,2.080319791941614,,,
D,ToM,,,,,2B book,,,,,,,,,halfA,real,2.1688376885245533,,,
D,phys,,,,,2B book,,,,,,,,,halfA,real,2.4833042547511432,,,
D,Lan,,,,,2B book,,,,,,,,,halfB,real,3.0043450757669943,,,
D,MD,,,,,2B book,,,,,,,,,halfB,real,2.020777729939093,,,
D,ToM,,,,,2B book,,,,,,,,,halfB,real,1.9349064403007818,,,
D,phys,,,,,2B book,,,,,,,,,halfB,real,2.5264574697783386,,,
D,Lan,,,,,2B book,,,,,,,,,halfA,null,1.2805941802978946,,,
D,MD,,,,,2B book,,,,,,,,,halfA,null,1.7860013109853086,,,
D,ToM,,,,,2B book,,,,,,,,,halfA,null,0.8121839119090429,,,
D,phys,,,,,2B book,,,,,,,,,halfA,null,1.3436063157334814,,,
D,Lan,,,,,2B book,,,,,,,,,halfB,null,1.3023573247081832,,,
D,MD,,,,,2B book,,,,,,,,,halfB,null,1.3690963904591542,,,
D,ToM,,,,,2B book,,,,,,,,,halfB,null,1.0221335100755486,,,
D,phys,,,,,2B book,,,,,,,,,halfB,null,1.5692010943929373,,,
D,Lan,,,,,2B wiki,,,,,,,,,halfA,real,2.382934252498411,,,
D,MD,,,,,2B wiki,,,,,,,,,halfA,real,2.8515931229220777,,,
D,ToM,,,,,2B wiki,,,,,,,,,halfA,real,1.3315525374970691,,,
D,phys,,,,,2B wiki,,,,,,,,,halfA,real,2.004710576297653,,,
D,Lan,,,,,2B wiki,,,,,,,,,halfB,real,2.430753044144221,,,
D,MD,,,,,2B wiki,,,,,,,,,halfB,real,2.217266724984502,,,
D,ToM,,,,,2B wiki,,,,,,,,,halfB,real,1.3886009133177464,,,
D,phys,,,,,2B wiki,,,,,,,,,halfB,real,2.165826497770494,,,
D,Lan,,,,,2B wiki,,,,,,,,,halfA,null,1.66799497996482,,,
D,MD,,,,,2B wiki,,,,,,,,,halfA,null,1.8909643273495007,,,
D,ToM,,,,,2B wiki,,,,,,,,,halfA,null,1.2049870369686482,,,
D,phys,,,,,2B wiki,,,,,,,,,halfA,null,1.744055242764794,,,
D,Lan,,,,,2B wiki,,,,,,,,,halfB,null,1.689973569847544,,,
D,MD,,,,,2B wiki,,,,,,,,,halfB,null,1.7379156015378925,,,
D,ToM,,,,,2B wiki,,,,,,,,,halfB,null,1.3630052936226373,,,
D,phys,,,,,2B wiki,,,,,,,,,halfB,null,1.1372464000787443,,,
D,Lan,,,,,2B news,,,,,,,,,halfA,real,2.3370344280546367,,,
D,MD,,,,,2B news,,,,,,,,,halfA,real,2.4820593136184286,,,
D,ToM,,,,,2B news,,,,,,,,,halfA,real,1.5019454780194976,,,
D,phys,,,,,2B news,,,,,,,,,halfA,real,2.7701443771527337,,,
D,Lan,,,,,2B news,,,,,,,,,halfB,real,2.1885190609955236,,,
D,MD,,,,,2B news,,,,,,,,,halfB,real,2.9389001326556063,,,
D,ToM,,,,,2B news,,,,,,,,,halfB,real,1.6890446650182909,,,
D,phys,,,,,2B news,,,,,,,,,halfB,real,2.981647419155427,,,
D,Lan,,,,,2B news,,,,,,,,,halfA,null,1.2082499370864659,,,
D,MD,,,,,2B news,,,,,,,,,halfA,null,1.7105116574849064,,,
D,ToM,,,,,2B news,,,,,,,,,halfA,null,0.966597374659746,,,
D,phys,,,,,2B news,,,,,,,,,halfA,null,1.4036883482280593,,,
D,Lan,,,,,2B news,,,,,,,,,halfB,null,1.532157428254139,,,
D,MD,,,,,2B news,,,,,,,,,halfB,null,1.3171799667346913,,,
D,ToM,,,,,2B news,,,,,,,,,halfB,null,1.0924265807617433,,,
D,phys,,,,,2B news,,,,,,,,,halfB,null,1.0094818255569078,,,
D,Lan,,,,,2B tldr,,,,,,,,,halfA,real,4.025748005688261,,,
D,MD,,,,,2B tldr,,,,,,,,,halfA,real,2.1434416311867635,,,
D,ToM,,,,,2B tldr,,,,,,,,,halfA,real,2.687663348788414,,,
D,phys,,,,,2B tldr,,,,,,,,,halfA,real,2.324717356145001,,,
D,Lan,,,,,2B tldr,,,,,,,,,halfB,real,3.881121721711009,,,
D,MD,,,,,2B tldr,,,,,,,,,halfB,real,1.8962473831040327,,,
D,ToM,,,,,2B tldr,,,,,,,,,halfB,real,2.258432422867395,,,
D,phys,,,,,2B tldr,,,,,,,,,halfB,real,1.7594157975277873,,,
D,Lan,,,,,2B tldr,,,,,,,,,halfA,null,1.5402311350070332,,,
D,MD,,,,,2B tldr,,,,,,,,,halfA,null,1.6784853403432496,,,
D,ToM,,,,,2B tldr,,,,,,,,,halfA,null,1.9252014064032719,,,
D,phys,,,,,2B tldr,,,,,,,,,halfA,null,1.6147218093428735,,,
D,Lan,,,,,2B tldr,,,,,,,,,halfB,null,2.0651170690587115,,,
D,MD,,,,,2B tldr,,,,,,,,,halfB,null,1.2918420094823173,,,
D,ToM,,,,,2B tldr,,,,,,,,,halfB,null,1.1681406472472768,,,
D,phys,,,,,2B tldr,,,,,,,,,halfB,null,1.778613429208073,,,
D,Lan,,,,,2B code,,,,,,,,,halfA,real,2.3896243594834274,,,
D,MD,,,,,2B code,,,,,,,,,halfA,real,3.2054853658166635,,,
D,ToM,,,,,2B code,,,,,,,,,halfA,real,1.789995279399406,,,
D,phys,,,,,2B code,,,,,,,,,halfA,real,3.6888428491211323,,,
D,Lan,,,,,2B code,,,,,,,,,halfB,real,2.07365985104699,,,
D,MD,,,,,2B code,,,,,,,,,halfB,real,3.7773717350270806,,,
D,ToM,,,,,2B code,,,,,,,,,halfB,real,1.1838550912702448,,,
D,phys,,,,,2B code,,,,,,,,,halfB,real,3.6204967405857515,,,
D,Lan,,,,,2B code,,,,,,,,,halfA,null,1.6630350930893483,,,
D,MD,,,,,2B code,,,,,,,,,halfA,null,1.6369744520149303,,,
D,ToM,,,,,2B code,,,,,,,,,halfA,null,1.1324063101995547,,,
D,phys,,,,,2B code,,,,,,,,,halfA,null,1.6088683315266727,,,
D,Lan,,,,,2B code,,,,,,,,,halfB,null,1.9067445528636406,,,
D,MD,,,,,2B code,,,,,,,,,halfB,null,1.6717504150317706,,,
D,ToM,,,,,2B code,,,,,,,,,halfB,null,1.0858064035546686,,,
D,phys,,,,,2B code,,,,,,,,,halfB,null,1.869268363659458,,,
D,Lan,,,,,2B pool,,,,,,,,,halfA,real,3.6907157449017065,,,
D,MD,,,,,2B pool,,,,,,,,,halfA,real,2.8948019045985465,,,
D,ToM,,,,,2B pool,,,,,,,,,halfA,real,1.237168033092062,,,
D,phys,,,,,2B pool,,,,,,,,,halfA,real,3.192237473808138,,,
D,Lan,,,,,2B pool,,,,,,,,,halfB,real,3.374265921813817,,,
D,MD,,,,,2B pool,,,,,,,,,halfB,real,2.7544603925415028,,,
D,ToM,,,,,2B pool,,,,,,,,,halfB,real,1.1821827889233254,,,
D,phys,,,,,2B pool,,,,,,,,,halfB,real,2.7072637610328414,,,
D,Lan,,,,,2B pool,,,,,,,,,halfA,null,1.7025202795865384,,,
D,MD,,,,,2B pool,,,,,,,,,halfA,null,1.652851391876905,,,
D,ToM,,,,,2B pool,,,,,,,,,halfA,null,1.3800877709677968,,,
D,phys,,,,,2B pool,,,,,,,,,halfA,null,1.4622606985416848,,,
D,Lan,,,,,2B pool,,,,,,,,,halfB,null,1.5519637138734705,,,
D,MD,,,,,2B pool,,,,,,,,,halfB,null,1.4588381068845142,,,
D,ToM,,,,,2B pool,,,,,,,,,halfB,null,0.9583968943881832,,,
D,phys,,,,,2B pool,,,,,,,,,halfB,null,1.4997379748820427,,,
D,Lan,,,,,4B wiki,,,,,,,,,halfA,real,1.9145949819293768,,,
D,MD,,,,,4B wiki,,,,,,,,,halfA,real,3.773505485707272,,,
D,ToM,,,,,4B wiki,,,,,,,,,halfA,real,1.5574354601655183,,,
D,phys,,,,,4B wiki,,,,,,,,,halfA,real,1.960693011144726,,,
D,Lan,,,,,4B wiki,,,,,,,,,halfB,real,1.8442352735603678,,,
D,MD,,,,,4B wiki,,,,,,,,,halfB,real,3.6314848738424894,,,
D,ToM,,,,,4B wiki,,,,,,,,,halfB,real,1.4690547764010322,,,
D,phys,,,,,4B wiki,,,,,,,,,halfB,real,1.8280742098660552,,,
D,Lan,,,,,4B wiki,,,,,,,,,halfA,null,1.4793819817893683,,,
D,MD,,,,,4B wiki,,,,,,,,,halfA,null,1.9239002736090245,,,
D,ToM,,,,,4B wiki,,,,,,,,,halfA,null,1.221954814815767,,,
D,phys,,,,,4B wiki,,,,,,,,,halfA,null,1.2817581543503382,,,
D,Lan,,,,,4B wiki,,,,,,,,,halfB,null,1.393220581494975,,,
D,MD,,,,,4B wiki,,,,,,,,,halfB,null,1.9456426103533269,,,
D,ToM,,,,,4B wiki,,,,,,,,,halfB,null,1.1833796502999379,,,
D,phys,,,,,4B wiki,,,,,,,,,halfB,null,1.2641553478958965,,,
D,Lan,,,,,4B pool,,,,,,,,,halfA,real,2.0938469302005003,,,
D,MD,,,,,4B pool,,,,,,,,,halfA,real,3.0822911733137612,,,
D,ToM,,,,,4B pool,,,,,,,,,halfA,real,1.9347780782843769,,,
D,phys,,,,,4B pool,,,,,,,,,halfA,real,2.6548454320619364,,,
D,Lan,,,,,4B pool,,,,,,,,,halfB,real,2.2821927773999704,,,
D,MD,,,,,4B pool,,,,,,,,,halfB,real,3.224641270263468,,,
D,ToM,,,,,4B pool,,,,,,,,,halfB,real,2.01859837324761,,,
D,phys,,,,,4B pool,,,,,,,,,halfB,real,2.4995215124379078,,,
D,Lan,,,,,4B pool,,,,,,,,,halfA,null,1.507712235946743,,,
D,MD,,,,,4B pool,,,,,,,,,halfA,null,1.7519823271391737,,,
D,ToM,,,,,4B pool,,,,,,,,,halfA,null,1.3996126687065047,,,
D,phys,,,,,4B pool,,,,,,,,,halfA,null,1.4631297731919501,,,
D,Lan,,,,,4B pool,,,,,,,,,halfB,null,1.582688573154582,,,
D,MD,,,,,4B pool,,,,,,,,,halfB,null,1.7373325284519976,,,
D,ToM,,,,,4B pool,,,,,,,,,halfB,null,1.3723168765736362,,,
D,phys,,,,,4B pool,,,,,,,,,halfB,null,1.2741631362688952,,,
D,Lan,,,,,,,,,,,,,,,,,2.6735535123668814,1.567121414751466,1.52587890625e-05
D,MD,,,,,,,,,,,,,,,,,2.8109155019664316,1.6600792943586664,1.52587890625e-05
D,ToM,,,,,,,,,,,,,,,,,1.7083782109448329,1.2055398219471227,0.0001068115234375
D,phys,,,,,,,,,,,,,,,,,2.573012421164816,1.4577472653514256,3.0517578125e-05
