figure,dataset,k,frac_real_more_concentrated,p_paired,median_z_real,rho_real,rho_null,heldout_real,heldout_null,n_top,set,frac_p05_real,frac_p05_null,p_paired_worst_half,task_domain,excess_real_x1e4,excess_null_x1e4
granularity,bookcorpus,10,0.8888888888888888,6.735324859619141e-06,-2.529445770710908,0.3546800964678576,0.3049902425288481,1.9994129103774432,1.6457452508009347,1,,,,,,,
granularity,bookcorpus,20,0.8888888888888888,2.7641654014587402e-06,-2.578258277023251,0.32103293426624824,0.19575872563283342,2.476104295287219,1.762009794245884,1,,,,,,,
granularity,bookcorpus,100,0.8518518518518519,9.395182132720947e-06,-3.0336503796387655,0.4278736694063352,0.17059390780479727,2.3639217295680437,1.3586529946304116,5,,,,,,,
granularity,wikitext,10,0.5555555555555556,0.2730088457465172,1.0042780847724897,0.2823455404887543,0.1051476542546892,1.654896581402849,2.1755166891877096,1,,,,,,,
granularity,wikitext,20,0.8148148148148148,0.0006924793124198914,0.2784421449409057,0.21732622982476346,0.07684810282570301,1.658754564032312,1.7905391131337547,1,,,,,,,
granularity,wikitext,100,0.8518518518518519,4.76837158203125e-06,-1.659831718131343,0.43544090521317147,0.07761785118689332,2.200701151481093,1.6118712778654556,5,,,,,,,
granularity,agnews,10,0.4444444444444444,0.7576972171664238,0.6174442039977539,0.3378486780058738,0.17372744647175586,2.0285230320857037,1.5140408080420718,1,,,,,,,
granularity,agnews,20,0.6666666666666666,0.004804395139217377,-0.619528752674799,0.24851829470561176,0.1943612151847295,2.1130285595045137,1.2112865071002652,1,,,,,,,
granularity,agnews,100,0.9259259259259259,3.330409526824951e-06,-1.5137070225087097,0.4132018481180534,0.18870095344775834,2.418562566348541,1.33001367491875,5,,,,,,,
granularity,tldr17,10,0.6296296296296297,0.02923712134361267,-0.22297587302918526,0.3064783570895969,0.18994031086758367,1.5801371859892501,1.678738149455877,1,,,,,,,
granularity,tldr17,20,0.7777777777777778,0.00023937225341796875,-0.8953728460250128,0.23341200947609014,0.1927354020540262,1.6264897943738497,1.410460245658396,1,,,,,,,
granularity,tldr17,100,0.7407407407407407,0.00015044957399368286,-2.647200146092343,0.4648803533797544,0.2370036296031781,2.609187460395294,1.6180388405133956,5,,,,,,,
granularity,codeparrot,10,0.3333333333333333,0.9672592729330063,0.23725504523785484,0.08030251641448004,0.14945172982358423,1.9370157350165484,1.3009803371178763,1,,,,,,,
granularity,codeparrot,20,0.2962962962962963,0.9934945777058601,-0.17996513252410362,0.16332139895243736,0.042592789512686566,2.2957013150200374,1.3434312730591715,1,,,,,,,
granularity,codeparrot,100,0.6296296296296297,0.02923712134361267,-1.4158921068719867,0.25672861587054596,0.07791827165038773,2.823842783037649,1.6029158006822168,5,,,,,,,
graded,,,,,,,,,,,2B book,0.24074074074074073,0.07407407407407407,0.1741638034582138,,,
graded,,,,,,,,,,,2B wiki,0.37037037037037035,0.09259259259259259,0.05281306803226471,,,
graded,,,,,,,,,,,2B news,0.5,0.14814814814814814,0.014952495694160461,,,
graded,,,,,,,,,,,2B tldr,0.31481481481481477,0.12962962962962962,0.43895889818668365,,,
graded,,,,,,,,,,,2B code,0.2962962962962963,0.05555555555555555,0.02760154753923416,,,
graded,,,,,,,,,,,2B pool,0.4629629629629629,0.09259259259259259,0.0008434876799583435,,,
graded,,,,,,,,,,,4B wiki,0.39473684210526316,0.32894736842105265,0.15345825066106045,,,
graded,,,,,,,,,,,4B pool,0.5,0.07894736842105263,1.683894151938148e-05,,,
graded_domain,,,,,,,,,,,,,,,Lan,7.328364788347395,3.744580561742068
graded_domain,,,,,,,,,,,,,,,MD,6.312299641887989,0.12129339507205597
graded_domain,,,,,,,,,,,,,,,ToM,-0.6869662250157079,0.13783836066111582
graded_domain,,,,,,,,,,,,,,,phys,0.9786471521778204,0.48280295811228124
