step,variant,fit,eval,kind,r,jsd
0,base,wikitext,wikitext,within,0.9939187729334809,0.0
0,base,wikitext,bookcorpus,across,0.7865902438758976,0.22295994440105305
0,base,wikitext,agnews,across,0.47031984452795755,0.21741874526753607
0,base,wikitext,tldr17,across,0.41233335059357124,0.23909737694557118
0,base,wikitext,codeparrot,across,0.11875547433656558,0.46749039560639094
0,base,bookcorpus,wikitext,across,0.8044807906208395,0.22295994440105305
0,base,bookcorpus,bookcorpus,within,0.9967635467929342,0.0
0,base,bookcorpus,agnews,across,0.3774404800157605,0.3214505063800447
0,base,bookcorpus,tldr17,across,0.3869093513904219,0.20525619224616787
0,base,bookcorpus,codeparrot,across,0.08174947491244991,0.5081644115088625
0,base,agnews,wikitext,across,0.47164641010473257,0.21741874526753607
0,base,agnews,bookcorpus,across,0.374091641340194,0.3214505063800447
0,base,agnews,agnews,within,0.9936476778460186,0.0
0,base,agnews,tldr17,across,0.7383176743017701,0.22542983360247992
0,base,agnews,codeparrot,across,0.28569392397097465,0.4151237898353003
0,base,tldr17,wikitext,across,0.41334550771639367,0.23909737694557118
0,base,tldr17,bookcorpus,across,0.3839351066412192,0.20525619224616787
0,base,tldr17,agnews,across,0.7122482125258882,0.22542983360247992
0,base,tldr17,tldr17,within,0.9919064020208875,0.0
0,base,tldr17,codeparrot,across,0.24507467113372317,0.4173391861451504
0,base,codeparrot,wikitext,across,0.1459803803843186,0.46749039560639094
0,base,codeparrot,bookcorpus,across,0.10330927978237729,0.5081644115088625
0,base,codeparrot,agnews,across,0.3420165302453347,0.4151237898353003
0,base,codeparrot,tldr17,across,0.2808511291163142,0.4173391861451504
0,base,codeparrot,codeparrot,within,0.8502182724229568,0.0
0,tokres+posres,wikitext,wikitext,within,0.7282000050409363,0.0
0,tokres+posres,wikitext,bookcorpus,across,0.5585031512126782,0.22295994440105305
0,tokres+posres,wikitext,agnews,across,0.5295829955584895,0.21741874526753607
0,tokres+posres,wikitext,tldr17,across,0.5146972936473199,0.23909737694557118
0,tokres+posres,wikitext,codeparrot,across,0.433473123298968,0.46749039560639094
0,tokres+posres,bookcorpus,wikitext,across,0.5951626288681584,0.22295994440105305
0,tokres+posres,bookcorpus,bookcorpus,within,0.7037165671006363,0.0
0,tokres+posres,bookcorpus,agnews,across,0.5521760442075506,0.3214505063800447
0,tokres+posres,bookcorpus,tldr17,across,0.559914428305289,0.20525619224616787
0,tokres+posres,bookcorpus,codeparrot,across,0.4076650714036346,0.5081644115088625
0,tokres+posres,agnews,wikitext,across,0.555842956964933,0.21741874526753607
0,tokres+posres,agnews,bookcorpus,across,0.5597017969871185,0.3214505063800447
0,tokres+posres,agnews,agnews,within,0.7097968219121823,0.0
0,tokres+posres,agnews,tldr17,across,0.606093494541298,0.22542983360247992
0,tokres+posres,agnews,codeparrot,across,0.5002565531967035,0.4151237898353003
0,tokres+posres,tldr17,wikitext,across,0.5081446925849233,0.23909737694557118
0,tokres+posres,tldr17,bookcorpus,across,0.53254804475857,0.20525619224616787
0,tokres+posres,tldr17,agnews,across,0.5880639027910765,0.22542983360247992
0,tokres+posres,tldr17,tldr17,within,0.7157166985482434,0.0
0,tokres+posres,tldr17,codeparrot,across,0.46187425551357614,0.4173391861451504
0,tokres+posres,codeparrot,wikitext,across,0.38299200004194006,0.46749039560639094
0,tokres+posres,codeparrot,bookcorpus,across,0.36879329665607846,0.5081644115088625
0,tokres+posres,codeparrot,agnews,across,0.4230678217838495,0.4151237898353003
0,tokres+posres,codeparrot,tldr17,across,0.4069478163968582,0.4173391861451504
0,tokres+posres,codeparrot,codeparrot,within,0.5434625091260328,0.0
0,ctxres+posres,wikitext,wikitext,within,0.7473144222562261,0.0
0,ctxres+posres,wikitext,bookcorpus,across,0.5812060193951732,0.22295994440105305
0,ctxres+posres,wikitext,agnews,across,0.5637818285311468,0.21741874526753607
0,ctxres+posres,wikitext,tldr17,across,0.5436020838318152,0.23909737694557118
0,ctxres+posres,wikitext,codeparrot,across,0.4507939304635702,0.46749039560639094
0,ctxres+posres,bookcorpus,wikitext,across,0.6197604043347293,0.22295994440105305
0,ctxres+posres,bookcorpus,bookcorpus,within,0.7442050964829962,0.0
0,ctxres+posres,bookcorpus,agnews,across,0.5839288875213329,0.3214505063800447
0,ctxres+posres,bookcorpus,tldr17,across,0.5919796489129723,0.20525619224616787
0,ctxres+posres,bookcorpus,codeparrot,across,0.4184044945598614,0.5081644115088625
0,ctxres+posres,agnews,wikitext,across,0.5920042042877062,0.21741874526753607
0,ctxres+posres,agnews,bookcorpus,across,0.5924299124142053,0.3214505063800447
0,ctxres+posres,agnews,agnews,within,0.7333404279016786,0.0
0,ctxres+posres,agnews,tldr17,across,0.6262363243357766,0.22542983360247992
0,ctxres+posres,agnews,codeparrot,across,0.5002822891487236,0.4151237898353003
0,ctxres+posres,tldr17,wikitext,across,0.5381673279084471,0.23909737694557118
0,ctxres+posres,tldr17,bookcorpus,across,0.5669485207490529,0.20525619224616787
0,ctxres+posres,tldr17,agnews,across,0.6098753091024871,0.22542983360247992
0,ctxres+posres,tldr17,tldr17,within,0.7330158232503774,0.0
0,ctxres+posres,tldr17,codeparrot,across,0.4710954098377207,0.4173391861451504
0,ctxres+posres,codeparrot,wikitext,across,0.39959176253319834,0.46749039560639094
0,ctxres+posres,codeparrot,bookcorpus,across,0.37939773645617525,0.5081644115088625
0,ctxres+posres,codeparrot,agnews,across,0.4315717567894901,0.4151237898353003
0,ctxres+posres,codeparrot,tldr17,across,0.4180709795368931,0.4173391861451504
0,ctxres+posres,codeparrot,codeparrot,within,0.5726148724018129,0.0
0,sh:tokres+posres,wikitext,wikitext,within,0.6901766136094406,0.0
0,sh:tokres+posres,wikitext,bookcorpus,across,0.5383646165559425,0.22295994440105305
0,sh:tokres+posres,wikitext,agnews,across,0.48598738818987935,0.21741874526753607
0,sh:tokres+posres,wikitext,tldr17,across,0.4791341948133933,0.23909737694557118
0,sh:tokres+posres,wikitext,codeparrot,across,0.3811291152192366,0.46749039560639094
0,sh:tokres+posres,bookcorpus,wikitext,across,0.5634687297824956,0.22295994440105305
0,sh:tokres+posres,bookcorpus,bookcorpus,within,0.6823368577591107,0.0
0,sh:tokres+posres,bookcorpus,agnews,across,0.5058165197744381,0.3214505063800447
0,sh:tokres+posres,bookcorpus,tldr17,across,0.5132782330566009,0.20525619224616787
0,sh:tokres+posres,bookcorpus,codeparrot,across,0.3692707519946893,0.5081644115088625
0,sh:tokres+posres,agnews,wikitext,across,0.5010045516049614,0.21741874526753607
0,sh:tokres+posres,agnews,bookcorpus,across,0.5144972122094001,0.3214505063800447
0,sh:tokres+posres,agnews,agnews,within,0.6479563240351751,0.0
0,sh:tokres+posres,agnews,tldr17,across,0.5452824752867244,0.22542983360247992
0,sh:tokres+posres,agnews,codeparrot,across,0.4112347107496326,0.4151237898353003
0,sh:tokres+posres,tldr17,wikitext,across,0.4654540886871049,0.23909737694557118
0,sh:tokres+posres,tldr17,bookcorpus,across,0.4913265168643938,0.20525619224616787
0,sh:tokres+posres,tldr17,agnews,across,0.5275161590110626,0.22542983360247992
0,sh:tokres+posres,tldr17,tldr17,within,0.6779260322611854,0.0
0,sh:tokres+posres,tldr17,codeparrot,across,0.39803044350496236,0.4173391861451504
0,sh:tokres+posres,codeparrot,wikitext,across,0.34451491563142733,0.46749039560639094
0,sh:tokres+posres,codeparrot,bookcorpus,across,0.34004672236312916,0.5081644115088625
0,sh:tokres+posres,codeparrot,agnews,across,0.3634103638586993,0.4151237898353003
0,sh:tokres+posres,codeparrot,tldr17,across,0.3615997210531277,0.4173391861451504
0,sh:tokres+posres,codeparrot,codeparrot,within,0.4421654329563423,0.0
0,sh:ctxres+posres,wikitext,wikitext,within,0.7192692884815737,0.0
0,sh:ctxres+posres,wikitext,bookcorpus,across,0.5767476998778712,0.22295994440105305
0,sh:ctxres+posres,wikitext,agnews,across,0.5291768944437922,0.21741874526753607
0,sh:ctxres+posres,wikitext,tldr17,across,0.5125343898940927,0.23909737694557118
0,sh:ctxres+posres,wikitext,codeparrot,across,0.4079482029463028,0.46749039560639094
0,sh:ctxres+posres,bookcorpus,wikitext,across,0.6034528182974571,0.22295994440105305
0,sh:ctxres+posres,bookcorpus,bookcorpus,within,0.7231019097827895,0.0
0,sh:ctxres+posres,bookcorpus,agnews,across,0.544495790141963,0.3214505063800447
0,sh:ctxres+posres,bookcorpus,tldr17,across,0.5457483433997048,0.20525619224616787
0,sh:ctxres+posres,bookcorpus,codeparrot,across,0.3915489395350092,0.5081644115088625
0,sh:ctxres+posres,agnews,wikitext,across,0.5452446290543151,0.21741874526753607
0,sh:ctxres+posres,agnews,bookcorpus,across,0.5524539586076694,0.3214505063800447
0,sh:ctxres+posres,agnews,agnews,within,0.676624216730095,0.0
0,sh:ctxres+posres,agnews,tldr17,across,0.57554472102004,0.22542983360247992
0,sh:ctxres+posres,agnews,codeparrot,across,0.43445583569455914,0.4151237898353003
0,sh:ctxres+posres,tldr17,wikitext,across,0.4983914652294664,0.23909737694557118
0,sh:ctxres+posres,tldr17,bookcorpus,across,0.52319404447135,0.20525619224616787
0,sh:ctxres+posres,tldr17,agnews,across,0.5562503846922876,0.22542983360247992
0,sh:ctxres+posres,tldr17,tldr17,within,0.6972974339887542,0.0
0,sh:ctxres+posres,tldr17,codeparrot,across,0.41883741299176336,0.4173391861451504
0,sh:ctxres+posres,codeparrot,wikitext,across,0.3661549371859939,0.46749039560639094
0,sh:ctxres+posres,codeparrot,bookcorpus,across,0.3595629515310727,0.5081644115088625
0,sh:ctxres+posres,codeparrot,agnews,across,0.38652840930482735,0.4151237898353003
0,sh:ctxres+posres,codeparrot,tldr17,across,0.382857718166403,0.4173391861451504
0,sh:ctxres+posres,codeparrot,codeparrot,within,0.4899738597636714,0.0
0,shfm:ctxres+posres,wikitext,wikitext,within,0.7018120116909163,0.0
0,shfm:ctxres+posres,wikitext,bookcorpus,across,0.5648832968703885,0.22295994440105305
0,shfm:ctxres+posres,wikitext,agnews,across,0.5127913244671971,0.21741874526753607
0,shfm:ctxres+posres,wikitext,tldr17,across,0.5088127610732066,0.23909737694557118
0,shfm:ctxres+posres,wikitext,codeparrot,across,0.38675661324984695,0.46749039560639094
0,shfm:ctxres+posres,bookcorpus,wikitext,across,0.5973129953890599,0.22295994440105305
0,shfm:ctxres+posres,bookcorpus,bookcorpus,within,0.7068502124485183,0.0
0,shfm:ctxres+posres,bookcorpus,agnews,across,0.5475012134087236,0.3214505063800447
0,shfm:ctxres+posres,bookcorpus,tldr17,across,0.5511497586181757,0.20525619224616787
0,shfm:ctxres+posres,bookcorpus,codeparrot,across,0.3838338165645925,0.5081644115088625
0,shfm:ctxres+posres,agnews,wikitext,across,0.5329920039177696,0.21741874526753607
0,shfm:ctxres+posres,agnews,bookcorpus,across,0.5526930941916325,0.3214505063800447
0,shfm:ctxres+posres,agnews,agnews,within,0.6430584766207766,0.0
0,shfm:ctxres+posres,agnews,tldr17,across,0.5688348405563641,0.22542983360247992
0,shfm:ctxres+posres,agnews,codeparrot,across,0.39758257330507824,0.4151237898353003
0,shfm:ctxres+posres,tldr17,wikitext,across,0.5009888962208177,0.23909737694557118
0,shfm:ctxres+posres,tldr17,bookcorpus,across,0.5281620750776437,0.20525619224616787
0,shfm:ctxres+posres,tldr17,agnews,across,0.5534889418755007,0.22542983360247992
0,shfm:ctxres+posres,tldr17,tldr17,within,0.6849910751287358,0.0
0,shfm:ctxres+posres,tldr17,codeparrot,across,0.3909229490821014,0.4173391861451504
0,shfm:ctxres+posres,codeparrot,wikitext,across,0.35847392820830626,0.46749039560639094
0,shfm:ctxres+posres,codeparrot,bookcorpus,across,0.3606394460892642,0.5081644115088625
0,shfm:ctxres+posres,codeparrot,agnews,across,0.3697424001639435,0.4151237898353003
0,shfm:ctxres+posres,codeparrot,tldr17,across,0.37378911263052444,0.4173391861451504
0,shfm:ctxres+posres,codeparrot,codeparrot,within,0.47166690917863235,0.0
0,ctxres+posres+winres,wikitext,wikitext,within,0.9244644657755337,0.0
0,ctxres+posres+winres,wikitext,bookcorpus,across,0.764196659588653,0.22295994440105305
0,ctxres+posres+winres,wikitext,agnews,across,0.7990710169456361,0.21741874526753607
0,ctxres+posres+winres,wikitext,tldr17,across,0.7796765960084442,0.23909737694557118
0,ctxres+posres+winres,wikitext,codeparrot,across,0.548802399824828,0.46749039560639094
0,ctxres+posres+winres,bookcorpus,wikitext,across,0.7814799412296638,0.22295994440105305
0,ctxres+posres+winres,bookcorpus,bookcorpus,within,0.9315650728814047,0.0
0,ctxres+posres+winres,bookcorpus,agnews,across,0.7342853690372559,0.3214505063800447
0,ctxres+posres+winres,bookcorpus,tldr17,across,0.7814222205140241,0.20525619224616787
0,ctxres+posres+winres,bookcorpus,codeparrot,across,0.4488704475969649,0.5081644115088625
0,ctxres+posres+winres,agnews,wikitext,across,0.8135877194165408,0.21741874526753607
0,ctxres+posres+winres,agnews,bookcorpus,across,0.7331616995232241,0.3214505063800447
0,ctxres+posres+winres,agnews,agnews,within,0.9364414479057033,0.0
0,ctxres+posres+winres,agnews,tldr17,across,0.8021605023706361,0.22542983360247992
0,ctxres+posres+winres,agnews,codeparrot,across,0.6153401398662002,0.4151237898353003
0,ctxres+posres+winres,tldr17,wikitext,across,0.785342886550137,0.23909737694557118
0,ctxres+posres+winres,tldr17,bookcorpus,across,0.7704537523912474,0.20525619224616787
0,ctxres+posres+winres,tldr17,agnews,across,0.7912628058574531,0.22542983360247992
0,ctxres+posres+winres,tldr17,tldr17,within,0.9354033411496415,0.0
0,ctxres+posres+winres,tldr17,codeparrot,across,0.6010320332973279,0.4173391861451504
0,ctxres+posres+winres,codeparrot,wikitext,across,0.5519519615863745,0.46749039560639094
0,ctxres+posres+winres,codeparrot,bookcorpus,across,0.4459919167436794,0.5081644115088625
0,ctxres+posres+winres,codeparrot,agnews,across,0.6249824414267493,0.4151237898353003
0,ctxres+posres+winres,codeparrot,tldr17,across,0.5914879027404575,0.4173391861451504
0,ctxres+posres+winres,codeparrot,codeparrot,within,0.9064463591661098,0.0
0,sh:ctxres+posres+winres,wikitext,wikitext,within,0.885455933250324,0.0
0,sh:ctxres+posres+winres,wikitext,bookcorpus,across,0.7413507676646558,0.22295994440105305
0,sh:ctxres+posres+winres,wikitext,agnews,across,0.6893427960838184,0.21741874526753607
0,sh:ctxres+posres+winres,wikitext,tldr17,across,0.6825939228766698,0.23909737694557118
0,sh:ctxres+posres+winres,wikitext,codeparrot,across,0.4436893526177527,0.46749039560639094
0,sh:ctxres+posres+winres,bookcorpus,wikitext,across,0.7521212265904905,0.22295994440105305
0,sh:ctxres+posres+winres,bookcorpus,bookcorpus,within,0.9080587385431106,0.0
0,sh:ctxres+posres+winres,bookcorpus,agnews,across,0.657775362376,0.3214505063800447
0,sh:ctxres+posres+winres,bookcorpus,tldr17,across,0.6775772050764276,0.20525619224616787
0,sh:ctxres+posres+winres,bookcorpus,codeparrot,across,0.40854316456515205,0.5081644115088625
0,sh:ctxres+posres+winres,agnews,wikitext,across,0.7005374933764352,0.21741874526753607
0,sh:ctxres+posres+winres,agnews,bookcorpus,across,0.6629825115120189,0.3214505063800447
0,sh:ctxres+posres+winres,agnews,agnews,within,0.8658334315912367,0.0
0,sh:ctxres+posres+winres,agnews,tldr17,across,0.7080210041004967,0.22542983360247992
0,sh:ctxres+posres+winres,agnews,codeparrot,across,0.4740780416942658,0.4151237898353003
0,sh:ctxres+posres+winres,tldr17,wikitext,across,0.6764473158402223,0.23909737694557118
0,sh:ctxres+posres+winres,tldr17,bookcorpus,across,0.6653269543857147,0.20525619224616787
0,sh:ctxres+posres+winres,tldr17,agnews,across,0.6832089835063803,0.22542983360247992
0,sh:ctxres+posres+winres,tldr17,tldr17,within,0.8872847013589923,0.0
0,sh:ctxres+posres+winres,tldr17,codeparrot,across,0.46882223768857667,0.4173391861451504
0,sh:ctxres+posres+winres,codeparrot,wikitext,across,0.45592201996147763,0.46749039560639094
0,sh:ctxres+posres+winres,codeparrot,bookcorpus,across,0.4187147371539154,0.5081644115088625
0,sh:ctxres+posres+winres,codeparrot,agnews,across,0.49441038102204765,0.4151237898353003
0,sh:ctxres+posres+winres,codeparrot,tldr17,across,0.4850268570926084,0.4173391861451504
0,sh:ctxres+posres+winres,codeparrot,codeparrot,within,0.6999562095937972,0.0
0,shfm:ctxres+posres+winres,wikitext,wikitext,within,0.8483472437380679,0.0
0,shfm:ctxres+posres+winres,wikitext,bookcorpus,across,0.7117325886456262,0.22295994440105305
0,shfm:ctxres+posres+winres,wikitext,agnews,across,0.6525858112187279,0.21741874526753607
0,shfm:ctxres+posres+winres,wikitext,tldr17,across,0.666481319241243,0.23909737694557118
0,shfm:ctxres+posres+winres,wikitext,codeparrot,across,0.36917536601191453,0.46749039560639094
0,shfm:ctxres+posres+winres,bookcorpus,wikitext,across,0.7282520227311992,0.22295994440105305
0,shfm:ctxres+posres+winres,bookcorpus,bookcorpus,within,0.8845089452539281,0.0
0,shfm:ctxres+posres+winres,bookcorpus,agnews,across,0.6805714335908437,0.3214505063800447
0,shfm:ctxres+posres+winres,bookcorpus,tldr17,across,0.6963110306184841,0.20525619224616787
0,shfm:ctxres+posres+winres,bookcorpus,codeparrot,across,0.3815287526221878,0.5081644115088625
0,shfm:ctxres+posres+winres,agnews,wikitext,across,0.6669767494653202,0.21741874526753607
0,shfm:ctxres+posres+winres,agnews,bookcorpus,across,0.6825737213736572,0.3214505063800447
0,shfm:ctxres+posres+winres,agnews,agnews,within,0.8064976349415114,0.0
0,shfm:ctxres+posres+winres,agnews,tldr17,across,0.6998028773142171,0.22542983360247992
0,shfm:ctxres+posres+winres,agnews,codeparrot,across,0.39134012253689593,0.4151237898353003
0,shfm:ctxres+posres+winres,tldr17,wikitext,across,0.6700810382586023,0.23909737694557118
0,shfm:ctxres+posres+winres,tldr17,bookcorpus,across,0.6851182141592697,0.20525619224616787
0,shfm:ctxres+posres+winres,tldr17,agnews,across,0.6852489801024382,0.22542983360247992
0,shfm:ctxres+posres+winres,tldr17,tldr17,within,0.8544479985130597,0.0
0,shfm:ctxres+posres+winres,tldr17,codeparrot,across,0.404639154197402,0.4173391861451504
0,shfm:ctxres+posres+winres,codeparrot,wikitext,across,0.4209084353521084,0.46749039560639094
0,shfm:ctxres+posres+winres,codeparrot,bookcorpus,across,0.4259802516957678,0.5081644115088625
0,shfm:ctxres+posres+winres,codeparrot,agnews,across,0.4473504935597493,0.4151237898353003
0,shfm:ctxres+posres+winres,codeparrot,tldr17,across,0.4538293857278338,0.4173391861451504
0,shfm:ctxres+posres+winres,codeparrot,codeparrot,within,0.6805787180374839,0.0
1000,base,wikitext,wikitext,within,0.9882917470847656,0.0
1000,base,wikitext,bookcorpus,across,0.5794719399671021,0.22295994440105305
1000,base,wikitext,agnews,across,0.5845463953539376,0.21741874526753607
1000,base,wikitext,tldr17,across,0.4612801466992426,0.23909737694557118
1000,base,wikitext,codeparrot,across,0.16876423228391513,0.46749039560639094
1000,base,bookcorpus,wikitext,across,0.5925228353816814,0.22295994440105305
1000,base,bookcorpus,bookcorpus,within,0.9951191694025724,0.0
1000,base,bookcorpus,agnews,across,0.3681863413052049,0.3214505063800447
1000,base,bookcorpus,tldr17,across,0.48475150885670953,0.20525619224616787
1000,base,bookcorpus,codeparrot,across,0.12100701304310245,0.5081644115088625
1000,base,agnews,wikitext,across,0.592374371245951,0.21741874526753607
1000,base,agnews,bookcorpus,across,0.3649159264024857,0.3214505063800447
1000,base,agnews,agnews,within,0.9907861020158114,0.0
1000,base,agnews,tldr17,across,0.5563615042159971,0.22542983360247992
1000,base,agnews,codeparrot,across,0.21216037590783668,0.4151237898353003
1000,base,tldr17,wikitext,across,0.460470702334826,0.23909737694557118
1000,base,tldr17,bookcorpus,across,0.4801327696025836,0.20525619224616787
1000,base,tldr17,agnews,across,0.5409843195914215,0.22542983360247992
1000,base,tldr17,tldr17,within,0.983911868791225,0.0
1000,base,tldr17,codeparrot,across,0.1723848351693206,0.4173391861451504
1000,base,codeparrot,wikitext,across,0.1989161464808571,0.46749039560639094
1000,base,codeparrot,bookcorpus,across,0.13559765167491944,0.5081644115088625
1000,base,codeparrot,agnews,across,0.2585801014937001,0.4151237898353003
1000,base,codeparrot,tldr17,across,0.1981018899914048,0.4173391861451504
1000,base,codeparrot,codeparrot,within,0.7865246623502375,0.0
1000,tokres+posres,wikitext,wikitext,within,0.972660464942476,0.0
1000,tokres+posres,wikitext,bookcorpus,across,0.743789640463428,0.22295994440105305
1000,tokres+posres,wikitext,agnews,across,0.7474836699201162,0.21741874526753607
1000,tokres+posres,wikitext,tldr17,across,0.6960122669375297,0.23909737694557118
1000,tokres+posres,wikitext,codeparrot,across,0.5026438874869581,0.46749039560639094
1000,tokres+posres,bookcorpus,wikitext,across,0.7492470853541133,0.22295994440105305
1000,tokres+posres,bookcorpus,bookcorpus,within,0.9809591556856089,0.0
1000,tokres+posres,bookcorpus,agnews,across,0.6786029101564246,0.3214505063800447
1000,tokres+posres,bookcorpus,tldr17,across,0.719397712598255,0.20525619224616787
1000,tokres+posres,bookcorpus,codeparrot,across,0.4559621199681509,0.5081644115088625
1000,tokres+posres,agnews,wikitext,across,0.7484735223043284,0.21741874526753607
1000,tokres+posres,agnews,bookcorpus,across,0.6771253845641759,0.3214505063800447
1000,tokres+posres,agnews,agnews,within,0.9819872796126536,0.0
1000,tokres+posres,agnews,tldr17,across,0.7388918652379466,0.22542983360247992
1000,tokres+posres,agnews,codeparrot,across,0.5656327946334443,0.4151237898353003
1000,tokres+posres,tldr17,wikitext,across,0.6934966075744058,0.23909737694557118
1000,tokres+posres,tldr17,bookcorpus,across,0.7180000950627328,0.20525619224616787
1000,tokres+posres,tldr17,agnews,across,0.7320862600931278,0.22542983360247992
1000,tokres+posres,tldr17,tldr17,within,0.9658035317623549,0.0
1000,tokres+posres,tldr17,codeparrot,across,0.5522992446401355,0.4173391861451504
1000,tokres+posres,codeparrot,wikitext,across,0.5000851857451583,0.46749039560639094
1000,tokres+posres,codeparrot,bookcorpus,across,0.4522442668964983,0.5081644115088625
1000,tokres+posres,codeparrot,agnews,across,0.5444484138416975,0.4151237898353003
1000,tokres+posres,codeparrot,tldr17,across,0.5191551423334066,0.4173391861451504
1000,tokres+posres,codeparrot,codeparrot,within,0.7874130104587003,0.0
1000,ctxres+posres,wikitext,wikitext,within,0.969096806839226,0.0
1000,ctxres+posres,wikitext,bookcorpus,across,0.7436398637272257,0.22295994440105305
1000,ctxres+posres,wikitext,agnews,across,0.7473864965769472,0.21741874526753607
1000,ctxres+posres,wikitext,tldr17,across,0.6997597615517285,0.23909737694557118
1000,ctxres+posres,wikitext,codeparrot,across,0.5167323261932782,0.46749039560639094
1000,ctxres+posres,bookcorpus,wikitext,across,0.7503527237730664,0.22295994440105305
1000,ctxres+posres,bookcorpus,bookcorpus,within,0.9787330271240388,0.0
1000,ctxres+posres,bookcorpus,agnews,across,0.6850080145920233,0.3214505063800447
1000,ctxres+posres,bookcorpus,tldr17,across,0.7024386994990245,0.20525619224616787
1000,ctxres+posres,bookcorpus,codeparrot,across,0.46592011528164756,0.5081644115088625
1000,ctxres+posres,agnews,wikitext,across,0.7469687743671046,0.21741874526753607
1000,ctxres+posres,agnews,bookcorpus,across,0.6813481802330765,0.3214505063800447
1000,ctxres+posres,agnews,agnews,within,0.9794923401002972,0.0
1000,ctxres+posres,agnews,tldr17,across,0.747645311778551,0.22542983360247992
1000,ctxres+posres,agnews,codeparrot,across,0.5717406413765868,0.4151237898353003
1000,ctxres+posres,tldr17,wikitext,across,0.6976015111856604,0.23909737694557118
1000,ctxres+posres,tldr17,bookcorpus,across,0.7011826587581904,0.20525619224616787
1000,ctxres+posres,tldr17,agnews,across,0.7409023970989682,0.22542983360247992
1000,ctxres+posres,tldr17,tldr17,within,0.9622867452000002,0.0
1000,ctxres+posres,tldr17,codeparrot,across,0.5587580940699705,0.4173391861451504
1000,ctxres+posres,codeparrot,wikitext,across,0.5075414921423979,0.46749039560639094
1000,ctxres+posres,codeparrot,bookcorpus,across,0.4561403979776187,0.5081644115088625
1000,ctxres+posres,codeparrot,agnews,across,0.5473426413369992,0.4151237898353003
1000,ctxres+posres,codeparrot,tldr17,across,0.5207268678650872,0.4173391861451504
1000,ctxres+posres,codeparrot,codeparrot,within,0.7992917732230522,0.0
1000,sh:tokres+posres,wikitext,wikitext,within,0.9662718195859039,0.0
1000,sh:tokres+posres,wikitext,bookcorpus,across,0.7184813197959905,0.22295994440105305
1000,sh:tokres+posres,wikitext,agnews,across,0.6732498094118791,0.21741874526753607
1000,sh:tokres+posres,wikitext,tldr17,across,0.6342168396653382,0.23909737694557118
1000,sh:tokres+posres,wikitext,codeparrot,across,0.38825772268716946,0.46749039560639094
1000,sh:tokres+posres,bookcorpus,wikitext,across,0.7231106117517162,0.22295994440105305
1000,sh:tokres+posres,bookcorpus,bookcorpus,within,0.9793374341664755,0.0
1000,sh:tokres+posres,bookcorpus,agnews,across,0.6226099592446189,0.3214505063800447
1000,sh:tokres+posres,bookcorpus,tldr17,across,0.6767699126025741,0.20525619224616787
1000,sh:tokres+posres,bookcorpus,codeparrot,across,0.36671203549339426,0.5081644115088625
1000,sh:tokres+posres,agnews,wikitext,across,0.673194595868998,0.21741874526753607
1000,sh:tokres+posres,agnews,bookcorpus,across,0.6229647380858582,0.3214505063800447
1000,sh:tokres+posres,agnews,agnews,within,0.9767936661972826,0.0
1000,sh:tokres+posres,agnews,tldr17,across,0.7076175073009541,0.22542983360247992
1000,sh:tokres+posres,agnews,codeparrot,across,0.4974439493973249,0.4151237898353003
1000,sh:tokres+posres,tldr17,wikitext,across,0.6298619518987354,0.23909737694557118
1000,sh:tokres+posres,tldr17,bookcorpus,across,0.6730160264614793,0.20525619224616787
1000,sh:tokres+posres,tldr17,agnews,across,0.6995551366286327,0.22542983360247992
1000,sh:tokres+posres,tldr17,tldr17,within,0.9653462468876534,0.0
1000,sh:tokres+posres,tldr17,codeparrot,across,0.5012318629706715,0.4173391861451504
1000,sh:tokres+posres,codeparrot,wikitext,across,0.41671957952109123,0.46749039560639094
1000,sh:tokres+posres,codeparrot,bookcorpus,across,0.3962578042849609,0.5081644115088625
1000,sh:tokres+posres,codeparrot,agnews,across,0.5000575262123819,0.4151237898353003
1000,sh:tokres+posres,codeparrot,tldr17,across,0.4947303929653992,0.4173391861451504
1000,sh:tokres+posres,codeparrot,codeparrot,within,0.7318155062349352,0.0
1000,sh:ctxres+posres,wikitext,wikitext,within,0.9598359299984031,0.0
1000,sh:ctxres+posres,wikitext,bookcorpus,across,0.7124302470917163,0.22295994440105305
1000,sh:ctxres+posres,wikitext,agnews,across,0.6535889168541528,0.21741874526753607
1000,sh:ctxres+posres,wikitext,tldr17,across,0.6229342057452967,0.23909737694557118
1000,sh:ctxres+posres,wikitext,codeparrot,across,0.42067415754916393,0.46749039560639094
1000,sh:ctxres+posres,bookcorpus,wikitext,across,0.7179352595325273,0.22295994440105305
1000,sh:ctxres+posres,bookcorpus,bookcorpus,within,0.9749861944237418,0.0
1000,sh:ctxres+posres,bookcorpus,agnews,across,0.6168054701687199,0.3214505063800447
1000,sh:ctxres+posres,bookcorpus,tldr17,across,0.643641150095178,0.20525619224616787
1000,sh:ctxres+posres,bookcorpus,codeparrot,across,0.40148461741021774,0.5081644115088625
1000,sh:ctxres+posres,agnews,wikitext,across,0.651573023179972,0.21741874526753607
1000,sh:ctxres+posres,agnews,bookcorpus,across,0.6151855365892286,0.3214505063800447
1000,sh:ctxres+posres,agnews,agnews,within,0.9717081220438588,0.0
1000,sh:ctxres+posres,agnews,tldr17,across,0.7155033209883782,0.22542983360247992
1000,sh:ctxres+posres,agnews,codeparrot,across,0.5221974293008914,0.4151237898353003
1000,sh:ctxres+posres,tldr17,wikitext,across,0.6197709654531638,0.23909737694557118
1000,sh:ctxres+posres,tldr17,bookcorpus,across,0.6415868843034955,0.20525619224616787
1000,sh:ctxres+posres,tldr17,agnews,across,0.7075486181133349,0.22542983360247992
1000,sh:ctxres+posres,tldr17,tldr17,within,0.9606044781656551,0.0
1000,sh:ctxres+posres,tldr17,codeparrot,across,0.5216616401399676,0.4173391861451504
1000,sh:ctxres+posres,codeparrot,wikitext,across,0.43669825062472134,0.46749039560639094
1000,sh:ctxres+posres,codeparrot,bookcorpus,across,0.4174692465201184,0.5081644115088625
1000,sh:ctxres+posres,codeparrot,agnews,across,0.5152820501578902,0.4151237898353003
1000,sh:ctxres+posres,codeparrot,tldr17,across,0.5088916668999082,0.4173391861451504
1000,sh:ctxres+posres,codeparrot,codeparrot,within,0.7383896728357262,0.0
1000,shfm:ctxres+posres,wikitext,wikitext,within,0.9447832129803544,0.0
1000,shfm:ctxres+posres,wikitext,bookcorpus,across,0.6931056245866068,0.22295994440105305
1000,shfm:ctxres+posres,wikitext,agnews,across,0.72718009462661,0.21741874526753607
1000,shfm:ctxres+posres,wikitext,tldr17,across,0.7109182118169085,0.23909737694557118
1000,shfm:ctxres+posres,wikitext,codeparrot,across,0.47586985560142914,0.46749039560639094
1000,shfm:ctxres+posres,bookcorpus,wikitext,across,0.6952887071112372,0.22295994440105305
1000,shfm:ctxres+posres,bookcorpus,bookcorpus,within,0.9671542378943818,0.0
1000,shfm:ctxres+posres,bookcorpus,agnews,across,0.699651919326156,0.3214505063800447
1000,shfm:ctxres+posres,bookcorpus,tldr17,across,0.7407868214996381,0.20525619224616787
1000,shfm:ctxres+posres,bookcorpus,codeparrot,across,0.46987960951048524,0.5081644115088625
1000,shfm:ctxres+posres,agnews,wikitext,across,0.7261019488778798,0.21741874526753607
1000,shfm:ctxres+posres,agnews,bookcorpus,across,0.7005437309002198,0.3214505063800447
1000,shfm:ctxres+posres,agnews,agnews,within,0.9544167356931555,0.0
1000,shfm:ctxres+posres,agnews,tldr17,across,0.7467016563769115,0.22542983360247992
1000,shfm:ctxres+posres,agnews,codeparrot,across,0.4933942100876035,0.4151237898353003
1000,shfm:ctxres+posres,tldr17,wikitext,across,0.7046737299407043,0.23909737694557118
1000,shfm:ctxres+posres,tldr17,bookcorpus,across,0.7386963578047815,0.20525619224616787
1000,shfm:ctxres+posres,tldr17,agnews,across,0.7406616742638485,0.22542983360247992
1000,shfm:ctxres+posres,tldr17,tldr17,within,0.9454061401070794,0.0
1000,shfm:ctxres+posres,tldr17,codeparrot,across,0.5030575084453285,0.4173391861451504
1000,shfm:ctxres+posres,codeparrot,wikitext,across,0.4544921957184616,0.46749039560639094
1000,shfm:ctxres+posres,codeparrot,bookcorpus,across,0.4359418387114853,0.5081644115088625
1000,shfm:ctxres+posres,codeparrot,agnews,across,0.45347830591127425,0.4151237898353003
1000,shfm:ctxres+posres,codeparrot,tldr17,across,0.4612272675878113,0.4173391861451504
1000,shfm:ctxres+posres,codeparrot,codeparrot,within,0.6683849998347171,0.0
1000,ctxres+posres+winres,wikitext,wikitext,within,0.980488316539397,0.0
1000,ctxres+posres+winres,wikitext,bookcorpus,across,0.7444557223270583,0.22295994440105305
1000,ctxres+posres+winres,wikitext,agnews,across,0.7386050292862931,0.21741874526753607
1000,ctxres+posres+winres,wikitext,tldr17,across,0.6753482384181502,0.23909737694557118
1000,ctxres+posres+winres,wikitext,codeparrot,across,0.5079627758486175,0.46749039560639094
1000,ctxres+posres+winres,bookcorpus,wikitext,across,0.7507193400445629,0.22295994440105305
1000,ctxres+posres+winres,bookcorpus,bookcorpus,within,0.9842090364987888,0.0
1000,ctxres+posres+winres,bookcorpus,agnews,across,0.6727063792858943,0.3214505063800447
1000,ctxres+posres+winres,bookcorpus,tldr17,across,0.6713050812998806,0.20525619224616787
1000,ctxres+posres+winres,bookcorpus,codeparrot,across,0.4517296793906683,0.5081644115088625
1000,ctxres+posres+winres,agnews,wikitext,across,0.7382219614444038,0.21741874526753607
1000,ctxres+posres+winres,agnews,bookcorpus,across,0.6668779628711173,0.3214505063800447
1000,ctxres+posres+winres,agnews,agnews,within,0.98489250544017,0.0
1000,ctxres+posres+winres,agnews,tldr17,across,0.7476101028108714,0.22542983360247992
1000,ctxres+posres+winres,agnews,codeparrot,across,0.5712361913913551,0.4151237898353003
1000,ctxres+posres+winres,tldr17,wikitext,across,0.6756506271974563,0.23909737694557118
1000,ctxres+posres+winres,tldr17,bookcorpus,across,0.6724558220089479,0.20525619224616787
1000,ctxres+posres+winres,tldr17,agnews,across,0.7409825456496636,0.22542983360247992
1000,ctxres+posres+winres,tldr17,tldr17,within,0.9803151597779993,0.0
1000,ctxres+posres+winres,tldr17,codeparrot,across,0.5672373226722388,0.4173391861451504
1000,ctxres+posres+winres,codeparrot,wikitext,across,0.5048477271384737,0.46749039560639094
1000,ctxres+posres+winres,codeparrot,bookcorpus,across,0.4479803177244129,0.5081644115088625
1000,ctxres+posres+winres,codeparrot,agnews,across,0.5504750864387399,0.4151237898353003
1000,ctxres+posres+winres,codeparrot,tldr17,across,0.5315605070275456,0.4173391861451504
1000,ctxres+posres+winres,codeparrot,codeparrot,within,0.827763051052816,0.0
1000,sh:ctxres+posres+winres,wikitext,wikitext,within,0.9707831708462977,0.0
1000,sh:ctxres+posres+winres,wikitext,bookcorpus,across,0.7093471544006492,0.22295994440105305
1000,sh:ctxres+posres+winres,wikitext,agnews,across,0.633723949069447,0.21741874526753607
1000,sh:ctxres+posres+winres,wikitext,tldr17,across,0.5889007227177518,0.23909737694557118
1000,sh:ctxres+posres+winres,wikitext,codeparrot,across,0.4117252717562821,0.46749039560639094
1000,sh:ctxres+posres+winres,bookcorpus,wikitext,across,0.7165798636690659,0.22295994440105305
1000,sh:ctxres+posres+winres,bookcorpus,bookcorpus,within,0.9802244646106564,0.0
1000,sh:ctxres+posres+winres,bookcorpus,agnews,across,0.599245847219241,0.3214505063800447
1000,sh:ctxres+posres+winres,bookcorpus,tldr17,across,0.6038452980649681,0.20525619224616787
1000,sh:ctxres+posres+winres,bookcorpus,codeparrot,across,0.3913286670985589,0.5081644115088625
1000,sh:ctxres+posres+winres,agnews,wikitext,across,0.6317619862172555,0.21741874526753607
1000,sh:ctxres+posres+winres,agnews,bookcorpus,across,0.595768645420881,0.3214505063800447
1000,sh:ctxres+posres+winres,agnews,agnews,within,0.9765765520677944,0.0
1000,sh:ctxres+posres+winres,agnews,tldr17,across,0.7141015560866019,0.22542983360247992
1000,sh:ctxres+posres+winres,agnews,codeparrot,across,0.5315948275034844,0.4151237898353003
1000,sh:ctxres+posres+winres,tldr17,wikitext,across,0.5890098178600907,0.23909737694557118
1000,sh:ctxres+posres+winres,tldr17,bookcorpus,across,0.6045975233655787,0.20525619224616787
1000,sh:ctxres+posres+winres,tldr17,agnews,across,0.7064872483225946,0.22542983360247992
1000,sh:ctxres+posres+winres,tldr17,tldr17,within,0.9773865581396511,0.0
1000,sh:ctxres+posres+winres,tldr17,codeparrot,across,0.535770576706947,0.4173391861451504
1000,sh:ctxres+posres+winres,codeparrot,wikitext,across,0.4311318184683608,0.46749039560639094
1000,sh:ctxres+posres+winres,codeparrot,bookcorpus,across,0.41158871133072306,0.5081644115088625
1000,sh:ctxres+posres+winres,codeparrot,agnews,across,0.5277033608237855,0.4151237898353003
1000,sh:ctxres+posres+winres,codeparrot,tldr17,across,0.5296047772229102,0.4173391861451504
1000,sh:ctxres+posres+winres,codeparrot,codeparrot,within,0.7699519520483664,0.0
1000,shfm:ctxres+posres+winres,wikitext,wikitext,within,0.9534851700333018,0.0
1000,shfm:ctxres+posres+winres,wikitext,bookcorpus,across,0.6900946382963131,0.22295994440105305
1000,shfm:ctxres+posres+winres,wikitext,agnews,across,0.7245210394062948,0.21741874526753607
1000,shfm:ctxres+posres+winres,wikitext,tldr17,across,0.7016686685137711,0.23909737694557118
1000,shfm:ctxres+posres+winres,wikitext,codeparrot,across,0.4731670292788796,0.46749039560639094
1000,shfm:ctxres+posres+winres,bookcorpus,wikitext,across,0.6941260313191356,0.22295994440105305
1000,shfm:ctxres+posres+winres,bookcorpus,bookcorpus,within,0.9711681027625835,0.0
1000,shfm:ctxres+posres+winres,bookcorpus,agnews,across,0.6961708807881106,0.3214505063800447
1000,shfm:ctxres+posres+winres,bookcorpus,tldr17,across,0.7323062637796418,0.20525619224616787
1000,shfm:ctxres+posres+winres,bookcorpus,codeparrot,across,0.46735266994428687,0.5081644115088625
1000,shfm:ctxres+posres+winres,agnews,wikitext,across,0.7241303692936452,0.21741874526753607
1000,shfm:ctxres+posres+winres,agnews,bookcorpus,across,0.6961233853466288,0.3214505063800447
1000,shfm:ctxres+posres+winres,agnews,agnews,within,0.9599676219779643,0.0
1000,shfm:ctxres+posres+winres,agnews,tldr17,across,0.7482726056185532,0.22542983360247992
1000,shfm:ctxres+posres+winres,agnews,codeparrot,across,0.49360389841739527,0.4151237898353003
1000,shfm:ctxres+posres+winres,tldr17,wikitext,across,0.6974588017322706,0.23909737694557118
1000,shfm:ctxres+posres+winres,tldr17,bookcorpus,across,0.7317470241639364,0.20525619224616787
1000,shfm:ctxres+posres+winres,tldr17,agnews,across,0.7416504355606511,0.22542983360247992
1000,shfm:ctxres+posres+winres,tldr17,tldr17,within,0.9629835105946213,0.0
1000,shfm:ctxres+posres+winres,tldr17,codeparrot,across,0.5062938997816067,0.4173391861451504
1000,shfm:ctxres+posres+winres,codeparrot,wikitext,across,0.4673658031859705,0.46749039560639094
1000,shfm:ctxres+posres+winres,codeparrot,bookcorpus,across,0.44971721499497186,0.5081644115088625
1000,shfm:ctxres+posres+winres,codeparrot,agnews,across,0.4690429226739764,0.4151237898353003
1000,shfm:ctxres+posres+winres,codeparrot,tldr17,across,0.482739937789157,0.4173391861451504
1000,shfm:ctxres+posres+winres,codeparrot,codeparrot,within,0.7095862220116168,0.0
143000,base,wikitext,wikitext,within,0.9863993866973801,0.0
143000,base,wikitext,bookcorpus,across,0.5880776907408013,0.22295994440105305
143000,base,wikitext,agnews,across,0.6569049864834328,0.21741874526753607
143000,base,wikitext,tldr17,across,0.54283439295089,0.23909737694557118
143000,base,wikitext,codeparrot,across,0.2620407863838747,0.46749039560639094
143000,base,bookcorpus,wikitext,across,0.5961872972171797,0.22295994440105305
143000,base,bookcorpus,bookcorpus,within,0.9940522849632093,0.0
143000,base,bookcorpus,agnews,across,0.4306606406614614,0.3214505063800447
143000,base,bookcorpus,tldr17,across,0.5779701835550238,0.20525619224616787
143000,base,bookcorpus,codeparrot,across,0.2042550780738058,0.5081644115088625
143000,base,agnews,wikitext,across,0.6600758052516938,0.21741874526753607
143000,base,agnews,bookcorpus,across,0.4286505099932101,0.3214505063800447
143000,base,agnews,agnews,within,0.9899948094939258,0.0
143000,base,agnews,tldr17,across,0.5485999513466412,0.22542983360247992
143000,base,agnews,codeparrot,across,0.27697822194316085,0.4151237898353003
143000,base,tldr17,wikitext,across,0.5409692615664118,0.23909737694557118
143000,base,tldr17,bookcorpus,across,0.5739707946212547,0.20525619224616787
143000,base,tldr17,agnews,across,0.5418540703060946,0.22542983360247992
143000,base,tldr17,tldr17,within,0.9785088931525188,0.0
143000,base,tldr17,codeparrot,across,0.25033558957636126,0.4173391861451504
143000,base,codeparrot,wikitext,across,0.30226870028638647,0.46749039560639094
143000,base,codeparrot,bookcorpus,across,0.232153446633221,0.5081644115088625
143000,base,codeparrot,agnews,across,0.32398772534737263,0.4151237898353003
143000,base,codeparrot,tldr17,across,0.2820702699986369,0.4173391861451504
143000,base,codeparrot,codeparrot,within,0.8225522504369251,0.0
143000,tokres+posres,wikitext,wikitext,within,0.9804042771730385,0.0
143000,tokres+posres,wikitext,bookcorpus,across,0.7572373010243226,0.22295994440105305
143000,tokres+posres,wikitext,agnews,across,0.8099552507709108,0.21741874526753607
143000,tokres+posres,wikitext,tldr17,across,0.7733538235992031,0.23909737694557118
143000,tokres+posres,wikitext,codeparrot,across,0.5775589758791018,0.46749039560639094
143000,tokres+posres,bookcorpus,wikitext,across,0.7653257534317527,0.22295994440105305
143000,tokres+posres,bookcorpus,bookcorpus,within,0.9873508535077574,0.0
143000,tokres+posres,bookcorpus,agnews,across,0.7242221179394552,0.3214505063800447
143000,tokres+posres,bookcorpus,tldr17,across,0.8261002902121942,0.20525619224616787
143000,tokres+posres,bookcorpus,codeparrot,across,0.5412466270118502,0.5081644115088625
143000,tokres+posres,agnews,wikitext,across,0.8121265453102281,0.21741874526753607
143000,tokres+posres,agnews,bookcorpus,across,0.7215528951338648,0.3214505063800447
143000,tokres+posres,agnews,agnews,within,0.986686846353155,0.0
143000,tokres+posres,agnews,tldr17,across,0.759178414206224,0.22542983360247992
143000,tokres+posres,agnews,codeparrot,across,0.5909500060244288,0.4151237898353003
143000,tokres+posres,tldr17,wikitext,across,0.7739296596115849,0.23909737694557118
143000,tokres+posres,tldr17,bookcorpus,across,0.8243255256385214,0.20525619224616787
143000,tokres+posres,tldr17,agnews,across,0.7555663547710797,0.22542983360247992
143000,tokres+posres,tldr17,tldr17,within,0.9739650898287884,0.0
143000,tokres+posres,tldr17,codeparrot,across,0.5760904525658381,0.4173391861451504
143000,tokres+posres,codeparrot,wikitext,across,0.5898035292097014,0.46749039560639094
143000,tokres+posres,codeparrot,bookcorpus,across,0.5449783079699732,0.5081644115088625
143000,tokres+posres,codeparrot,agnews,across,0.6041549950066071,0.4151237898353003
143000,tokres+posres,codeparrot,tldr17,across,0.5789014585675669,0.4173391861451504
143000,tokres+posres,codeparrot,codeparrot,within,0.8468709591291929,0.0
143000,ctxres+posres,wikitext,wikitext,within,0.9803111517496632,0.0
143000,ctxres+posres,wikitext,bookcorpus,across,0.7934173436348406,0.22295994440105305
143000,ctxres+posres,wikitext,agnews,across,0.8354727903781737,0.21741874526753607
143000,ctxres+posres,wikitext,tldr17,across,0.8046529572909056,0.23909737694557118
143000,ctxres+posres,wikitext,codeparrot,across,0.6151227205443535,0.46749039560639094
143000,ctxres+posres,bookcorpus,wikitext,across,0.7988981590674237,0.22295994440105305
143000,ctxres+posres,bookcorpus,bookcorpus,within,0.9860045333216544,0.0
143000,ctxres+posres,bookcorpus,agnews,across,0.7673923658727423,0.3214505063800447
143000,ctxres+posres,bookcorpus,tldr17,across,0.8375372577865211,0.20525619224616787
143000,ctxres+posres,bookcorpus,codeparrot,across,0.5792891047215684,0.5081644115088625
143000,ctxres+posres,agnews,wikitext,across,0.8353880040073627,0.21741874526753607
143000,ctxres+posres,agnews,bookcorpus,across,0.7643429204241325,0.3214505063800447
143000,ctxres+posres,agnews,agnews,within,0.9860940849821268,0.0
143000,ctxres+posres,agnews,tldr17,across,0.7952767048028857,0.22542983360247992
143000,ctxres+posres,agnews,codeparrot,across,0.6255580819422739,0.4151237898353003
143000,ctxres+posres,tldr17,wikitext,across,0.8057150024945942,0.23909737694557118
143000,ctxres+posres,tldr17,bookcorpus,across,0.8384543290461138,0.20525619224616787
143000,ctxres+posres,tldr17,agnews,across,0.7942051644694778,0.22542983360247992
143000,ctxres+posres,tldr17,tldr17,within,0.9735995983376518,0.0
143000,ctxres+posres,tldr17,codeparrot,across,0.6125792407632391,0.4173391861451504
143000,ctxres+posres,codeparrot,wikitext,across,0.6184697796167694,0.46749039560639094
143000,ctxres+posres,codeparrot,bookcorpus,across,0.5749117813196394,0.5081644115088625
143000,ctxres+posres,codeparrot,agnews,across,0.6317517604077842,0.4151237898353003
143000,ctxres+posres,codeparrot,tldr17,across,0.6070985577519071,0.4173391861451504
143000,ctxres+posres,codeparrot,codeparrot,within,0.8592842282505955,0.0
143000,sh:tokres+posres,wikitext,wikitext,within,0.9699718394782414,0.0
143000,sh:tokres+posres,wikitext,bookcorpus,across,0.7303584646843172,0.22295994440105305
143000,sh:tokres+posres,wikitext,agnews,across,0.743719017403126,0.21741874526753607
143000,sh:tokres+posres,wikitext,tldr17,across,0.7191926496678338,0.23909737694557118
143000,sh:tokres+posres,wikitext,codeparrot,across,0.49322942861101676,0.46749039560639094
143000,sh:tokres+posres,bookcorpus,wikitext,across,0.7389685121081251,0.22295994440105305
143000,sh:tokres+posres,bookcorpus,bookcorpus,within,0.9850341357881646,0.0
143000,sh:tokres+posres,bookcorpus,agnews,across,0.6979702328780865,0.3214505063800447
143000,sh:tokres+posres,bookcorpus,tldr17,across,0.8146780451706632,0.20525619224616787
143000,sh:tokres+posres,bookcorpus,codeparrot,across,0.48681853174643047,0.5081644115088625
143000,sh:tokres+posres,agnews,wikitext,across,0.7467805429967196,0.21741874526753607
143000,sh:tokres+posres,agnews,bookcorpus,across,0.6991859449434592,0.3214505063800447
143000,sh:tokres+posres,agnews,agnews,within,0.9785279454425531,0.0
143000,sh:tokres+posres,agnews,tldr17,across,0.734493754364587,0.22542983360247992
143000,sh:tokres+posres,agnews,codeparrot,across,0.5103949970842949,0.4151237898353003
143000,sh:tokres+posres,tldr17,wikitext,across,0.7206228546396323,0.23909737694557118
143000,sh:tokres+posres,tldr17,bookcorpus,across,0.8108129572861343,0.20525619224616787
143000,sh:tokres+posres,tldr17,agnews,across,0.7301876472105451,0.22542983360247992
143000,sh:tokres+posres,tldr17,tldr17,within,0.9722123356211437,0.0
143000,sh:tokres+posres,tldr17,codeparrot,across,0.5090636834774583,0.4173391861451504
143000,sh:tokres+posres,codeparrot,wikitext,across,0.500664312383013,0.46749039560639094
143000,sh:tokres+posres,codeparrot,bookcorpus,across,0.4800340896008478,0.5081644115088625
143000,sh:tokres+posres,codeparrot,agnews,across,0.5059990733521917,0.4151237898353003
143000,sh:tokres+posres,codeparrot,tldr17,across,0.49506460851983514,0.4173391861451504
143000,sh:tokres+posres,codeparrot,codeparrot,within,0.7406763744185366,0.0
143000,sh:ctxres+posres,wikitext,wikitext,within,0.9679932403947809,0.0
143000,sh:ctxres+posres,wikitext,bookcorpus,across,0.7753139234226227,0.22295994440105305
143000,sh:ctxres+posres,wikitext,agnews,across,0.7599743223802858,0.21741874526753607
143000,sh:ctxres+posres,wikitext,tldr17,across,0.7507365361861128,0.23909737694557118
143000,sh:ctxres+posres,wikitext,codeparrot,across,0.5335818324142885,0.46749039560639094
143000,sh:ctxres+posres,bookcorpus,wikitext,across,0.7807431617962657,0.22295994440105305
143000,sh:ctxres+posres,bookcorpus,bookcorpus,within,0.9829690797445902,0.0
143000,sh:ctxres+posres,bookcorpus,agnews,across,0.7347806876724301,0.3214505063800447
143000,sh:ctxres+posres,bookcorpus,tldr17,across,0.8190905600216394,0.20525619224616787
143000,sh:ctxres+posres,bookcorpus,codeparrot,across,0.5297946434389805,0.5081644115088625
143000,sh:ctxres+posres,agnews,wikitext,across,0.759241764276256,0.21741874526753607
143000,sh:ctxres+posres,agnews,bookcorpus,across,0.7370526562440936,0.3214505063800447
143000,sh:ctxres+posres,agnews,agnews,within,0.9771382129805924,0.0
143000,sh:ctxres+posres,agnews,tldr17,across,0.7706914964488844,0.22542983360247992
143000,sh:ctxres+posres,agnews,codeparrot,across,0.5417733650146256,0.4151237898353003
143000,sh:ctxres+posres,tldr17,wikitext,across,0.7501068180519594,0.23909737694557118
143000,sh:ctxres+posres,tldr17,bookcorpus,across,0.8192464672175974,0.20525619224616787
143000,sh:ctxres+posres,tldr17,agnews,across,0.767672858636902,0.22542983360247992
143000,sh:ctxres+posres,tldr17,tldr17,within,0.9716392052647848,0.0
143000,sh:ctxres+posres,tldr17,codeparrot,across,0.5427548182011328,0.4173391861451504
143000,sh:ctxres+posres,codeparrot,wikitext,across,0.5355949621694717,0.46749039560639094
143000,sh:ctxres+posres,codeparrot,bookcorpus,across,0.5174132967086791,0.5081644115088625
143000,sh:ctxres+posres,codeparrot,agnews,across,0.5358186848958253,0.4151237898353003
143000,sh:ctxres+posres,codeparrot,tldr17,across,0.5263338722324787,0.4173391861451504
143000,sh:ctxres+posres,codeparrot,codeparrot,within,0.7572622143496834,0.0
143000,shfm:ctxres+posres,wikitext,wikitext,within,0.9575871356571195,0.0
143000,shfm:ctxres+posres,wikitext,bookcorpus,across,0.7490402714697539,0.22295994440105305
143000,shfm:ctxres+posres,wikitext,agnews,across,0.8145602615332571,0.21741874526753607
143000,shfm:ctxres+posres,wikitext,tldr17,across,0.8029348808596705,0.23909737694557118
143000,shfm:ctxres+posres,wikitext,codeparrot,across,0.5256722800093873,0.46749039560639094
143000,shfm:ctxres+posres,bookcorpus,wikitext,across,0.7621999559606182,0.22295994440105305
143000,shfm:ctxres+posres,bookcorpus,bookcorpus,within,0.9817133615991116,0.0
143000,shfm:ctxres+posres,bookcorpus,agnews,across,0.7223997530072417,0.3214505063800447
143000,shfm:ctxres+posres,bookcorpus,tldr17,across,0.7798259748757579,0.20525619224616787
143000,shfm:ctxres+posres,bookcorpus,codeparrot,across,0.471014137127698,0.5081644115088625
143000,shfm:ctxres+posres,agnews,wikitext,across,0.811500552245758,0.21741874526753607
143000,shfm:ctxres+posres,agnews,bookcorpus,across,0.7097935578600656,0.3214505063800447
143000,shfm:ctxres+posres,agnews,agnews,within,0.9594584960451643,0.0
143000,shfm:ctxres+posres,agnews,tldr17,across,0.8058976487724934,0.22542983360247992
143000,shfm:ctxres+posres,agnews,codeparrot,across,0.5287989554607495,0.4151237898353003
143000,shfm:ctxres+posres,tldr17,wikitext,across,0.7980432941251902,0.23909737694557118
143000,shfm:ctxres+posres,tldr17,bookcorpus,across,0.7568425041296654,0.20525619224616787
143000,shfm:ctxres+posres,tldr17,agnews,across,0.8025726545264993,0.22542983360247992
143000,shfm:ctxres+posres,tldr17,tldr17,within,0.9571527809560475,0.0
143000,shfm:ctxres+posres,tldr17,codeparrot,across,0.5480667143296137,0.4173391861451504
143000,shfm:ctxres+posres,codeparrot,wikitext,across,0.5042049425693498,0.46749039560639094
143000,shfm:ctxres+posres,codeparrot,bookcorpus,across,0.4341487856425231,0.5081644115088625
143000,shfm:ctxres+posres,codeparrot,agnews,across,0.5056440760769055,0.4151237898353003
143000,shfm:ctxres+posres,codeparrot,tldr17,across,0.5262224636434074,0.4173391861451504
143000,shfm:ctxres+posres,codeparrot,codeparrot,within,0.7420343354790067,0.0
143000,ctxres+posres+winres,wikitext,wikitext,within,0.9834198991486921,0.0
143000,ctxres+posres+winres,wikitext,bookcorpus,across,0.8063093835171695,0.22295994440105305
143000,ctxres+posres+winres,wikitext,agnews,across,0.8430269776873629,0.21741874526753607
143000,ctxres+posres+winres,wikitext,tldr17,across,0.8155532881957467,0.23909737694557118
143000,ctxres+posres+winres,wikitext,codeparrot,across,0.6206301461621805,0.46749039560639094
143000,ctxres+posres+winres,bookcorpus,wikitext,across,0.8115678144290582,0.22295994440105305
143000,ctxres+posres+winres,bookcorpus,bookcorpus,within,0.9864401663273465,0.0
143000,ctxres+posres+winres,bookcorpus,agnews,across,0.7768836537483155,0.3214505063800447
143000,ctxres+posres+winres,bookcorpus,tldr17,across,0.839454810477231,0.20525619224616787
143000,ctxres+posres+winres,bookcorpus,codeparrot,across,0.5872062708312177,0.5081644115088625
143000,ctxres+posres+winres,agnews,wikitext,across,0.8446454271862859,0.21741874526753607
143000,ctxres+posres+winres,agnews,bookcorpus,across,0.7745613942891749,0.3214505063800447
143000,ctxres+posres+winres,agnews,agnews,within,0.9866420977012308,0.0
143000,ctxres+posres+winres,agnews,tldr17,across,0.8058208587193648,0.22542983360247992
143000,ctxres+posres+winres,agnews,codeparrot,across,0.6333749379052693,0.4151237898353003
143000,ctxres+posres+winres,tldr17,wikitext,across,0.8161290430248622,0.23909737694557118
143000,ctxres+posres+winres,tldr17,bookcorpus,across,0.8405264895891608,0.20525619224616787
143000,ctxres+posres+winres,tldr17,agnews,across,0.8030708850236116,0.22542983360247992
143000,ctxres+posres+winres,tldr17,tldr17,within,0.9820945763978705,0.0
143000,ctxres+posres+winres,tldr17,codeparrot,across,0.6203955778897644,0.4173391861451504
143000,ctxres+posres+winres,codeparrot,wikitext,across,0.6330069082021378,0.46749039560639094
143000,ctxres+posres+winres,codeparrot,bookcorpus,across,0.590828627839039,0.5081644115088625
143000,ctxres+posres+winres,codeparrot,agnews,across,0.6480325438879878,0.4151237898353003
143000,ctxres+posres+winres,codeparrot,tldr17,across,0.6224631552972241,0.4173391861451504
143000,ctxres+posres+winres,codeparrot,codeparrot,within,0.8727366147897393,0.0
143000,sh:ctxres+posres+winres,wikitext,wikitext,within,0.9717216200731161,0.0
143000,sh:ctxres+posres+winres,wikitext,bookcorpus,across,0.7914208722799755,0.22295994440105305
143000,sh:ctxres+posres+winres,wikitext,agnews,across,0.7656683397202705,0.21741874526753607
143000,sh:ctxres+posres+winres,wikitext,tldr17,across,0.7578411130540512,0.23909737694557118
143000,sh:ctxres+posres+winres,wikitext,codeparrot,across,0.5449612771650416,0.46749039560639094
143000,sh:ctxres+posres+winres,bookcorpus,wikitext,across,0.7966314471100128,0.22295994440105305
143000,sh:ctxres+posres+winres,bookcorpus,bookcorpus,within,0.9833560584741805,0.0
143000,sh:ctxres+posres+winres,bookcorpus,agnews,across,0.7431492127662382,0.3214505063800447
143000,sh:ctxres+posres+winres,bookcorpus,tldr17,across,0.8173947516270154,0.20525619224616787
143000,sh:ctxres+posres+winres,bookcorpus,codeparrot,across,0.5425144696987332,0.5081644115088625
143000,sh:ctxres+posres+winres,agnews,wikitext,across,0.7667697351347095,0.21741874526753607
143000,sh:ctxres+posres+winres,agnews,bookcorpus,across,0.7464650403648008,0.3214505063800447
143000,sh:ctxres+posres+winres,agnews,agnews,within,0.9778736881307298,0.0
143000,sh:ctxres+posres+winres,agnews,tldr17,across,0.7815388897775303,0.22542983360247992
143000,sh:ctxres+posres+winres,agnews,codeparrot,across,0.5552580332297724,0.4151237898353003
143000,sh:ctxres+posres+winres,tldr17,wikitext,across,0.7584313001936807,0.23909737694557118
143000,sh:ctxres+posres+winres,tldr17,bookcorpus,across,0.8200509047828088,0.20525619224616787
143000,sh:ctxres+posres+winres,tldr17,agnews,across,0.7777025316292115,0.22542983360247992
143000,sh:ctxres+posres+winres,tldr17,tldr17,within,0.9780607418039619,0.0
143000,sh:ctxres+posres+winres,tldr17,codeparrot,across,0.5543666954140106,0.4173391861451504
143000,sh:ctxres+posres+winres,codeparrot,wikitext,across,0.5564582592229372,0.46749039560639094
143000,sh:ctxres+posres+winres,codeparrot,bookcorpus,across,0.5368889363648126,0.5081644115088625
143000,sh:ctxres+posres+winres,codeparrot,agnews,across,0.5554170366389636,0.4151237898353003
143000,sh:ctxres+posres+winres,codeparrot,tldr17,across,0.5445410118764031,0.4173391861451504
143000,sh:ctxres+posres+winres,codeparrot,codeparrot,within,0.7655040797636519,0.0
143000,shfm:ctxres+posres+winres,wikitext,wikitext,within,0.9606605560289431,0.0
143000,shfm:ctxres+posres+winres,wikitext,bookcorpus,across,0.7649184328955939,0.22295994440105305
143000,shfm:ctxres+posres+winres,wikitext,agnews,across,0.8248776139131778,0.21741874526753607
143000,shfm:ctxres+posres+winres,wikitext,tldr17,across,0.8153409429807192,0.23909737694557118
143000,shfm:ctxres+posres+winres,wikitext,codeparrot,across,0.5388563770180601,0.46749039560639094
143000,shfm:ctxres+posres+winres,bookcorpus,wikitext,across,0.7787405617458937,0.22295994440105305
143000,shfm:ctxres+posres+winres,bookcorpus,bookcorpus,within,0.9820386560681653,0.0
143000,shfm:ctxres+posres+winres,bookcorpus,agnews,across,0.732725481414821,0.3214505063800447
143000,shfm:ctxres+posres+winres,bookcorpus,tldr17,across,0.7855448138021527,0.20525619224616787
143000,shfm:ctxres+posres+winres,bookcorpus,codeparrot,across,0.48119502801243236,0.5081644115088625
143000,shfm:ctxres+posres+winres,agnews,wikitext,across,0.8230177043637853,0.21741874526753607
143000,shfm:ctxres+posres+winres,agnews,bookcorpus,across,0.7199312755074705,0.3214505063800447
143000,shfm:ctxres+posres+winres,agnews,agnews,within,0.9599888265214456,0.0
143000,shfm:ctxres+posres+winres,agnews,tldr17,across,0.8183104347115361,0.22542983360247992
143000,shfm:ctxres+posres+winres,agnews,codeparrot,across,0.5447528609369119,0.4151237898353003
143000,shfm:ctxres+posres+winres,tldr17,wikitext,across,0.8099358377632571,0.23909737694557118
143000,shfm:ctxres+posres+winres,tldr17,bookcorpus,across,0.7625748918091385,0.20525619224616787
143000,shfm:ctxres+posres+winres,tldr17,agnews,across,0.8135807446177836,0.22542983360247992
143000,shfm:ctxres+posres+winres,tldr17,tldr17,within,0.9637169305720755,0.0
143000,shfm:ctxres+posres+winres,tldr17,codeparrot,across,0.562587122633156,0.4173391861451504
143000,shfm:ctxres+posres+winres,codeparrot,wikitext,across,0.530730958793133,0.46749039560639094
143000,shfm:ctxres+posres+winres,codeparrot,bookcorpus,across,0.45407213458189255,0.5081644115088625
143000,shfm:ctxres+posres+winres,codeparrot,agnews,across,0.5363330938161753,0.4151237898353003
143000,shfm:ctxres+posres+winres,codeparrot,tldr17,across,0.55543122396118,0.4173391861451504
143000,shfm:ctxres+posres+winres,codeparrot,codeparrot,within,0.7555574906234885,0.0
