step,variant,ari_within,ari_across,ari_within_min,ari_across_min
0,base,0.4153454350808557,0.09234179775959467,0.3679465565441005,0.04016319440194108
0,posres,0.40595778672605676,0.09192349749778389,0.36714128222287573,0.03777677513628521
0,tokres,0.237107437292326,0.13006245745454778,0.20656440927341188,0.08383276917868426
0,tokpos_joint,0.1153419488175353,0.04060825039573044,0.09949689284739786,0.02841797862401501
1000,base,0.4208373313018691,0.07271486223890082,0.37186624931879325,0.039653943052813785
1000,posres,0.3907056094631113,0.0694361769323605,0.3602875965549349,0.040179383994923164
1000,tokres,0.4809068886196762,0.20318531833694153,0.4426982515252217,0.14485761362250735
1000,tokpos_joint,0.3874141285614531,0.11822279490505168,0.34612557785251896,0.0849556497396743
143000,base,0.4879459687209787,0.14440027403500574,0.4468398962651587,0.09302351455834504
143000,posres,0.4608681007491155,0.16489952621332613,0.4162554695747163,0.09889542374307177
143000,tokres,0.5070591854051492,0.19943146745192364,0.48401258356929305,0.13341939331247718
143000,tokpos_joint,0.5106612353801913,0.15440177730996732,0.4387995281707516,0.10402055686815566
