model,domain,task,bos,n_total,n_aligned,clean_accuracy,corrupted_accuracy,both_correct_accuracy,n_both_correct,clean_baseline,corrupted_baseline,passes
LiquidAI/LFM2.5-350M,Lan,anaphor_gender_agreement,0,1100,674,0.7433234421364985,0.56973293768546,0.327893175074184,221,2.9599862206575556,-2.2719450860001924,0
LiquidAI/LFM2.5-350M,Lan,anaphor_gender_agreement_bos,1,1100,674,0.9747774480712166,0.9881305637982196,0.9629080118694362,649,2.8900620863874815,-3.381798419820142,1
LiquidAI/LFM2.5-350M,Lan,det_noun_agreement_irregular,0,932,932,0.805793991416309,0.6362660944206009,0.44420600858369097,414,2.929954653776786,-2.441198152044545,0
LiquidAI/LFM2.5-350M,Lan,det_noun_agreement_irregular_bos,1,932,932,0.9216738197424893,0.9324034334763949,0.8562231759656652,798,3.7881080079496954,-3.9951354038894626,1
LiquidAI/LFM2.5-350M,Lan,det_noun_agreement_regular,0,1100,1100,0.7145454545454546,0.72,0.43636363636363634,480,2.2123794853687286,-2.1270969053109487,0
LiquidAI/LFM2.5-350M,Lan,det_noun_agreement_regular_bos,1,1100,1100,0.9318181818181818,0.9190909090909091,0.850909090909091,936,4.503836086927316,-4.425995578877946,1
LiquidAI/LFM2.5-350M,Lan,det_noun_agreement_with_adjective,0,1100,1100,0.7245454545454545,0.5436363636363636,0.28,308,1.4761710538492574,-1.4030114768387436,0
LiquidAI/LFM2.5-350M,Lan,det_noun_agreement_with_adjective_bos,1,1100,1100,0.8854545454545455,0.7636363636363637,0.6527272727272727,718,3.619432381849767,-3.6054168654019456,1
LiquidAI/LFM2.5-350M,Lan,subject_verb_agreement,0,1100,1025,0.7317073170731707,0.6048780487804878,0.39707317073170734,407,3.560937409758275,-3.110517843935355,0
LiquidAI/LFM2.5-350M,Lan,subject_verb_agreement_bos,1,1100,1025,0.935609756097561,0.9063414634146342,0.8439024390243902,865,5.813060319561489,-5.497150558956785,1
LiquidAI/LFM2.5-350M,Lan,npi,0,304,304,0.5625,0.5822368421052632,0.15789473684210525,48,2.029862860838572,-2.0210126439730325,0
LiquidAI/LFM2.5-350M,Lan,npi_bos,1,304,304,0.9210526315789473,0.8881578947368421,0.8092105263157895,246,4.0778359781981,-4.093003610951629,0
LiquidAI/LFM2.5-350M,Lan,hypernymy,0,577,389,0.5501285347043702,0.6169665809768637,0.2159383033419023,84,2.7143684398560297,-2.5010622455960227,0
LiquidAI/LFM2.5-350M,Lan,hypernymy_bos,1,577,389,0.9562982005141388,0.9485861182519281,0.9048843187660668,352,10.19433275542476,-10.692464234222742,1
LiquidAI/LFM2.5-350M,Lan,wug,0,2664,2406,0.5029093931837074,0.5029093931837074,0.10806317539484622,260,1.7113667203829839,-1.7113667203829839,0
LiquidAI/LFM2.5-350M,Lan,wug_bos,1,2664,2406,0.5901911886949294,0.5901911886949294,0.29260182876142976,704,3.8670762681087414,-3.8670762681087414,0
LiquidAI/LFM2.5-350M,MD,logic_syllogism_1,0,1000,1000,0.487,0.513,0.0,0,0.0,0.0,0
LiquidAI/LFM2.5-350M,MD,logic_syllogism_symbolic,0,1000,1000,0.523,0.514,0.046,46,0.9708649226180885,-0.9316590808979843,0
LiquidAI/LFM2.5-350M,MD,logic_propositional_1,0,1000,1000,0.671,0.738,0.413,413,1.6131535538046036,-1.5183715595893075,0
LiquidAI/LFM2.5-350M,MD,logic_propositional_symbolic,0,1000,1000,0.477,0.505,0.045,45,0.4966559858785735,-0.5053143799304962,0
LiquidAI/LFM2.5-350M,MD,number_sequence,0,946,946,0.3224101479915433,0.31606765327695563,0.007399577167019027,7,0.742565359388079,-0.29626941680908203,0
LiquidAI/LFM2.5-350M,MD,add_sub_2op_verbal,0,1000,801,0.5605493133583022,0.5393258426966292,0.14232209737827714,114,1.8286197896589313,-1.6924920249403568,0
LiquidAI/LFM2.5-350M,MD,add_sub_2op_symbolic,0,1000,1000,0.52,0.503,0.13,130,2.2007301513965314,-2.1129823391254132,0
LiquidAI/LFM2.5-350M,MD,add_sub_3op_verbal,0,1000,806,0.4913151364764268,0.5074441687344913,0.07196029776674938,58,1.411760823480014,-1.2754728711884598,0
LiquidAI/LFM2.5-350M,MD,add_sub_3op_symbolic,0,1000,1000,0.499,0.501,0.091,91,1.4281573976789201,-1.7562918977423028,0
LiquidAI/LFM2.5-350M,MD,mul_div_2op_verbal,0,1000,671,0.5141579731743666,0.5365126676602087,0.15499254843517138,104,2.895658749800462,-2.304003257017869,0
LiquidAI/LFM2.5-350M,MD,mul_div_2op_symbolic,0,1000,979,0.6261491317671093,0.6435137895812053,0.3718079673135853,364,4.098455650465829,-4.2973376866225355,0
LiquidAI/LFM2.5-350M,MD,mul_div_3op_verbal,0,1000,837,0.46714456391875747,0.5173237753882916,0.06571087216248507,55,1.6752648440274325,-2.3265409989790484,0
LiquidAI/LFM2.5-350M,MD,mul_div_3op_symbolic,0,1000,1000,0.583,0.553,0.184,184,2.9115498065948486,-2.7629500783008076,0
LiquidAI/LFM2.5-350M,MD,simple_equation,0,995,995,0.5256281407035176,0.48040201005025124,0.01306532663316583,13,0.11817161853496845,-0.1937577907855694,0
LiquidAI/LFM2.5-350M,MD,number_sorting,0,1000,1000,0.534,0.486,0.05,50,2.4191450881958008,-2.445075454711914,0
LiquidAI/LFM2.5-350M,MD,code_conditional,0,1000,1000,0.506,0.501,0.007,7,2.1643422041088343,-2.548079389679645,0
LiquidAI/LFM2.5-350M,MD,code_loop,0,1000,1000,0.582,0.529,0.111,111,0.9137372455081424,-1.313691470000121,0
LiquidAI/LFM2.5-350M,MD,code_list,0,1000,1000,0.691,0.686,0.38,380,4.499427272471459,-4.332055177796313,0
LiquidAI/LFM2.5-350M,MD,code_A,0,1000,1000,0.596,0.571,0.168,168,2.912664563018119,-2.8993856604211032,0
LiquidAI/LFM2.5-350M,MD,code_B,0,1000,1000,0.598,0.616,0.345,345,7.99464103762597,-8.269500182781274,0
LiquidAI/LFM2.5-350M,phys,phys_newton,0,1000,1000,0.863,0.865,0.732,732,8.020923058483133,-7.9890565312589334,1
LiquidAI/LFM2.5-350M,phys,phys_prost,0,1200,1200,0.775,0.7833333333333333,0.5791666666666667,695,4.529259137615181,-4.680722139772486,0
LiquidAI/LFM2.5-350M,phys,physics_buoyancy,0,1000,745,0.5073825503355704,0.5234899328859061,0.042953020134228186,32,0.36498023569583893,-0.42870424687862396,0
LiquidAI/LFM2.5-350M,phys,physics_brightness,0,1000,687,0.5342066957787481,0.4861717612809316,0.053857350800582245,37,0.7210945180944495,-0.830792336850553,0
LiquidAI/LFM2.5-350M,phys,physics_elasticity,0,1000,412,0.5097087378640777,0.4975728155339806,0.007281553398058253,3,1.6481271584828694,-0.4713442325592041,0
LiquidAI/LFM2.5-350M,phys,physics_solubility,0,1000,554,0.5667870036101083,0.5451263537906137,0.16787003610108303,93,0.5991691158663842,-0.743112487177695,0
LiquidAI/LFM2.5-350M,phys,physics_speed,0,1000,491,0.5193482688391039,0.5112016293279023,0.054989816700611,27,0.6557289671014856,-1.1280915119029857,0
LiquidAI/LFM2.5-350M,phys,physics_stability,0,1000,665,0.5203007518796993,0.5458646616541354,0.09172932330827067,61,0.4331681278885388,-0.48075313841710327,0
LiquidAI/LFM2.5-350M,phys,physics_temperature,0,1000,552,0.5090579710144928,0.4746376811594203,0.08152173913043478,45,0.4613211631774902,-0.6370299021402995,0
LiquidAI/LFM2.5-350M,ToM,agent,0,945,930,0.47096774193548385,0.6053763440860215,0.10967741935483871,102,1.685315563398249,-1.8876645892274146,0
LiquidAI/LFM2.5-350M,ToM,social_interactions,0,204,174,0.7413793103448276,0.7471264367816092,0.4885057471264368,85,3.4084184338064754,-3.6573596659828636,0
LiquidAI/LFM2.5-350M,ToM,social_relations,0,288,283,0.47703180212014135,0.5512367491166078,0.05653710247349823,16,1.0706586092710495,-1.1006288900971413,0
LiquidAI/LFM2.5-350M,ToM,desires_goals,0,1080,960,0.9041666666666667,0.9333333333333333,0.8375,804,5.117089611380847,-6.087110013807591,1
LiquidAI/LFM2.5-350M,ToM,primary_emotions,0,1295,920,0.9173913043478261,0.875,0.7923913043478261,729,5.267092838208862,-6.697010918736295,1
LiquidAI/LFM2.5-350M,ToM,secondary_emotions,0,1600,1150,0.7139130434782609,0.8539130434782609,0.5678260869565217,653,4.836977098473729,-5.676690182130881,0
LiquidAI/LFM2.5-350M,ToM,emotion_fewshot,0,2000,1459,0.5544893762851268,0.5681973954763536,0.13845099383139137,202,0.6312309302905998,-0.8218589183127526,0
LiquidAI/LFM2.5-350M,ToM,norm_appropriate,0,2000,1191,0.5037783375314862,0.4995801847187238,0.0033585222502099076,4,0.7591882944107056,-0.587501049041748,0
LiquidAI/LFM2.5-350M,ToM,norm_moral,0,2000,1569,0.497131931166348,0.5054174633524537,0.004461440407903123,7,0.8714452471051898,-0.5263236590794155,0
