size,step,split_half_r,split_half_min,split_half_max,across_domain_r,across_min,across_max
70m,0,0.9969175724647709,0.9960263176745751,0.9985360168738996,0.5389780752380813,0.39075001751128985,0.8148728168583417
70m,1,0.9969175724647709,0.9960263176745751,0.9985360168738996,0.5389780752380813,0.39075001751128985,0.8148728168583417
70m,4,0.9969179443580001,0.9960273669079314,0.9985360534921657,0.5390898990133703,0.39091787171149284,0.8149114249613708
70m,16,0.9969192595167291,0.9960457616073587,0.998533522732674,0.5443223443365358,0.3993320752474548,0.8168477208704367
70m,64,0.9989141605663108,0.9981544042284417,0.999499340209034,0.7341305034182319,0.5902538966724513,0.9303761278374421
70m,256,0.9980914852512173,0.9971342645486463,0.9992711447915109,0.678844539400179,0.5850484518141335,0.7938594390885118
70m,1000,0.9951599290100475,0.9930947724590402,0.9977893410315032,0.5292266150583654,0.3908846081106757,0.6258237069264347
70m,4000,0.9926817158197617,0.989577640267267,0.9964286026421696,0.478203371432843,0.32718236610344476,0.5616208274176444
70m,16000,0.9932283355899787,0.9899802545097806,0.9965221858458422,0.5393208022094721,0.4167309430587199,0.6232315806710469
70m,64000,0.9928978672516902,0.9895843272052086,0.9962854549792601,0.5478215281121246,0.42368910935509563,0.6256953553812652
70m,143000,0.9949030364361092,0.9921026342238035,0.9974154633384462,0.6014391889511848,0.4836885227453438,0.6812318051523393
160m,0,0.9963477121720208,0.9954643259344429,0.998055089771513,0.5298658922636346,0.38268762910003773,0.7997904627683632
160m,1,0.9963477121720208,0.9954643259344429,0.998055089771513,0.5298658922636346,0.38268762910003773,0.7997904627683632
160m,4,0.9963413295952419,0.9954494119719687,0.9980568708888421,0.5291832352795958,0.38167620376460865,0.7993917132337438
160m,16,0.9964395805353963,0.9954583109373548,0.9981725063222183,0.5278317617601264,0.38050827812727245,0.8031413294190146
160m,64,0.9988119988693658,0.9980860429117574,0.9994880554634391,0.7484329137423728,0.6346801634866153,0.8847681698766559
160m,256,0.997987268975886,0.9969699265558856,0.9992850675359541,0.6581493139803888,0.5701571656191111,0.7524213125823982
160m,1000,0.9931897302215127,0.9904269528117614,0.9969919763961904,0.4559745481337711,0.3057129961847592,0.5497688899956503
160m,4000,0.9872095995864878,0.9819424004806271,0.9935128907499176,0.42360440599843835,0.2832165829193915,0.49564391369557287
160m,16000,0.988921903355032,0.9834243461276441,0.9941583762415269,0.5037537058888705,0.3836493992956707,0.5755322836895427
160m,64000,0.9894827257593519,0.9829623838733336,0.9947658742584906,0.5164882820327599,0.3982656388910935,0.5906545724250339
160m,143000,0.9928410627459361,0.98863386367343,0.9965384858124395,0.5706780916805749,0.45127590511653637,0.6495145631801875
