tree,variant,metric,fit,eval,value
real,(ceiling),fidelity_within,wikitext,wikitext,0.9747874897582266
real,(ceiling),fidelity_within_r,wikitext,wikitext,0.9873717009599972
real,vmf_sparse_pca100_lloyd100_n200,reliability_within,wikitext,wikitext,0.6996275736491575
real,vmf_sparse_pca100_lloyd100_n200,reliability_within_coassoc,wikitext,wikitext,0.930205435825531
real,vmf_sparse_pca100_lloyd100_n200,fidelity_within,wikitext,wikitext,0.21247572776156276
real,vmf_sparse_pca100_lloyd100_n200,fidelity_within_r,wikitext,wikitext,0.46095212375524025
real,vmf_sparse_pca100_lloyd100_n200,fidelity_within_insample,wikitext,wikitext,0.21230812086260797
real,vmf_sparse_pca100_lloyd100_n200,reliability_ceiling,wikitext,wikitext,0.8094613023165902
real,vmf_sparse_pca100_lloyd100_n200,triviality_ami_layer,wikitext,wikitext,0.13684988927759298
real,vmf_sparse_pca100_lloyd100_n200,triviality_ami_dimension,wikitext,wikitext,-0.0002910979812894958
real,vmf_sparse_pca100_lloyd100_n200,triviality_ami_hubness,wikitext,wikitext,0.07714134728055118
real,vmf_sparse_pca100_lloyd100_n200,triviality_n_effective_networks,wikitext,wikitext,100.0
real,vmf_sparse_pca100_lloyd100_n200,triviality_entropy_effective_networks,wikitext,wikitext,92.58678672248632
real,vmf_sparse_pca100_lloyd100_n200,triviality_median_max_membership,wikitext,wikitext,0.67
real,vmf_sparse_pca100_lloyd100_n200,triviality_frac_confident,wikitext,wikitext,0.7196514423076923
real,(ceiling),fidelity_within,bookcorpus,bookcorpus,0.9888274536436901
real,(ceiling),fidelity_within_r,bookcorpus,bookcorpus,0.9944086938872909
real,vmf_sparse_pca100_lloyd100_n200,reliability_within,bookcorpus,bookcorpus,0.7436799994315038
real,vmf_sparse_pca100_lloyd100_n200,reliability_within_coassoc,bookcorpus,bookcorpus,0.9676128733408621
real,vmf_sparse_pca100_lloyd100_n200,fidelity_within,bookcorpus,bookcorpus,0.22661666769202338
real,vmf_sparse_pca100_lloyd100_n200,fidelity_within_r,bookcorpus,bookcorpus,0.47604434946560403
real,vmf_sparse_pca100_lloyd100_n200,fidelity_within_insample,bookcorpus,bookcorpus,0.2265594505925298
real,vmf_sparse_pca100_lloyd100_n200,reliability_ceiling,bookcorpus,bookcorpus,0.7754402674133298
real,vmf_sparse_pca100_lloyd100_n200,triviality_ami_layer,bookcorpus,bookcorpus,0.12125724498084704
real,vmf_sparse_pca100_lloyd100_n200,triviality_ami_dimension,bookcorpus,bookcorpus,-0.0011487406801630332
real,vmf_sparse_pca100_lloyd100_n200,triviality_ami_hubness,bookcorpus,bookcorpus,0.07851345327211515
real,vmf_sparse_pca100_lloyd100_n200,triviality_n_effective_networks,bookcorpus,bookcorpus,100.0
real,vmf_sparse_pca100_lloyd100_n200,triviality_entropy_effective_networks,bookcorpus,bookcorpus,89.21556791946294
real,vmf_sparse_pca100_lloyd100_n200,triviality_median_max_membership,bookcorpus,bookcorpus,0.61
real,vmf_sparse_pca100_lloyd100_n200,triviality_frac_confident,bookcorpus,bookcorpus,0.6569511217948718
real,(ceiling),fidelity_within,agnews,agnews,0.9784710625110252
real,(ceiling),fidelity_within_r,agnews,agnews,0.9892610602960447
real,vmf_sparse_pca100_lloyd100_n200,reliability_within,agnews,agnews,0.7055152680120071
real,vmf_sparse_pca100_lloyd100_n200,reliability_within_coassoc,agnews,agnews,0.9374260914464905
real,vmf_sparse_pca100_lloyd100_n200,fidelity_within,agnews,agnews,0.20756919041275979
real,vmf_sparse_pca100_lloyd100_n200,fidelity_within_r,agnews,agnews,0.45561036338519456
real,vmf_sparse_pca100_lloyd100_n200,fidelity_within_insample,agnews,agnews,0.20914705012444945
real,vmf_sparse_pca100_lloyd100_n200,reliability_ceiling,agnews,agnews,0.8031172937245225
real,vmf_sparse_pca100_lloyd100_n200,triviality_ami_layer,agnews,agnews,0.13882276808859073
real,vmf_sparse_pca100_lloyd100_n200,triviality_ami_dimension,agnews,agnews,0.00011263119654319108
real,vmf_sparse_pca100_lloyd100_n200,triviality_ami_hubness,agnews,agnews,0.08167738252204228
real,vmf_sparse_pca100_lloyd100_n200,triviality_n_effective_networks,agnews,agnews,100.0
real,vmf_sparse_pca100_lloyd100_n200,triviality_entropy_effective_networks,agnews,agnews,89.84720614721267
real,vmf_sparse_pca100_lloyd100_n200,triviality_median_max_membership,agnews,agnews,0.69
real,vmf_sparse_pca100_lloyd100_n200,triviality_frac_confident,agnews,agnews,0.7530048076923077
real,(ceiling),fidelity_within,tldr17,tldr17,0.9689455331062399
real,(ceiling),fidelity_within_r,tldr17,tldr17,0.9844730379099201
real,vmf_sparse_pca100_lloyd100_n200,reliability_within,tldr17,tldr17,0.6786776028910918
real,vmf_sparse_pca100_lloyd100_n200,reliability_within_coassoc,tldr17,tldr17,0.9199121569698016
real,vmf_sparse_pca100_lloyd100_n200,fidelity_within,tldr17,tldr17,0.19784255550732643
real,vmf_sparse_pca100_lloyd100_n200,fidelity_within_r,tldr17,tldr17,0.4448061573877266
real,vmf_sparse_pca100_lloyd100_n200,fidelity_within_insample,tldr17,tldr17,0.20031678251030893
real,vmf_sparse_pca100_lloyd100_n200,reliability_ceiling,tldr17,tldr17,0.8194944253888032
real,vmf_sparse_pca100_lloyd100_n200,triviality_ami_layer,tldr17,tldr17,0.13443012049852238
real,vmf_sparse_pca100_lloyd100_n200,triviality_ami_dimension,tldr17,tldr17,-0.0003993511421106036
real,vmf_sparse_pca100_lloyd100_n200,triviality_ami_hubness,tldr17,tldr17,0.06946593481930875
real,vmf_sparse_pca100_lloyd100_n200,triviality_n_effective_networks,tldr17,tldr17,99.0
real,vmf_sparse_pca100_lloyd100_n200,triviality_entropy_effective_networks,tldr17,tldr17,91.26944094610204
real,vmf_sparse_pca100_lloyd100_n200,triviality_median_max_membership,tldr17,tldr17,0.665
real,vmf_sparse_pca100_lloyd100_n200,triviality_frac_confident,tldr17,tldr17,0.7259615384615384
real,(ceiling),fidelity_across,wikitext,bookcorpus,0.5146824247143202
real,vmf_sparse_pca100_lloyd100_n200,fidelity_across,wikitext,bookcorpus,0.2877786810974045
real,vmf_sparse_pca100_lloyd100_n200,reliability_across,wikitext,bookcorpus,0.1024206507855072
real,(ceiling),fidelity_across,wikitext,agnews,0.6028882879939186
real,vmf_sparse_pca100_lloyd100_n200,fidelity_across,wikitext,agnews,0.30905350109812335
real,vmf_sparse_pca100_lloyd100_n200,reliability_across,wikitext,agnews,0.1405398132235704
real,(ceiling),fidelity_across,wikitext,tldr17,0.5347199290001459
real,vmf_sparse_pca100_lloyd100_n200,fidelity_across,wikitext,tldr17,0.2751351321771592
real,vmf_sparse_pca100_lloyd100_n200,reliability_across,wikitext,tldr17,0.10056925842843127
real,(ceiling),fidelity_across,bookcorpus,wikitext,0.5146824247143202
real,vmf_sparse_pca100_lloyd100_n200,fidelity_across,bookcorpus,wikitext,0.27882229866276576
real,vmf_sparse_pca100_lloyd100_n200,reliability_across,bookcorpus,wikitext,0.1024206507855072
real,(ceiling),fidelity_across,bookcorpus,agnews,0.38928883161438194
real,vmf_sparse_pca100_lloyd100_n200,fidelity_across,bookcorpus,agnews,0.20873768386800992
real,vmf_sparse_pca100_lloyd100_n200,reliability_across,bookcorpus,agnews,0.07570009385580993
real,(ceiling),fidelity_across,bookcorpus,tldr17,0.5805991218137924
real,vmf_sparse_pca100_lloyd100_n200,fidelity_across,bookcorpus,tldr17,0.2676761497608647
real,vmf_sparse_pca100_lloyd100_n200,reliability_across,bookcorpus,tldr17,0.13142102088749708
real,(ceiling),fidelity_across,agnews,wikitext,0.6028882879939186
real,vmf_sparse_pca100_lloyd100_n200,fidelity_across,agnews,wikitext,0.34821124985566615
real,vmf_sparse_pca100_lloyd100_n200,reliability_across,agnews,wikitext,0.1405398132235704
real,(ceiling),fidelity_across,agnews,bookcorpus,0.38928883161438194
real,vmf_sparse_pca100_lloyd100_n200,fidelity_across,agnews,bookcorpus,0.23710808379532183
real,vmf_sparse_pca100_lloyd100_n200,reliability_across,agnews,bookcorpus,0.07570009385580993
real,(ceiling),fidelity_across,agnews,tldr17,0.4654182392943762
real,vmf_sparse_pca100_lloyd100_n200,fidelity_across,agnews,tldr17,0.2652582568391848
real,vmf_sparse_pca100_lloyd100_n200,reliability_across,agnews,tldr17,0.09171876934960796
real,(ceiling),fidelity_across,tldr17,wikitext,0.5347199290001459
real,vmf_sparse_pca100_lloyd100_n200,fidelity_across,tldr17,wikitext,0.28696063443372916
real,vmf_sparse_pca100_lloyd100_n200,reliability_across,tldr17,wikitext,0.10056925842843127
real,(ceiling),fidelity_across,tldr17,bookcorpus,0.5805991218137924
real,vmf_sparse_pca100_lloyd100_n200,fidelity_across,tldr17,bookcorpus,0.29944118870122616
real,vmf_sparse_pca100_lloyd100_n200,reliability_across,tldr17,bookcorpus,0.13142102088749708
real,(ceiling),fidelity_across,tldr17,agnews,0.4654182392943762
real,vmf_sparse_pca100_lloyd100_n200,fidelity_across,tldr17,agnews,0.2530273648912016
real,vmf_sparse_pca100_lloyd100_n200,reliability_across,tldr17,agnews,0.09171876934960796
real,(ceiling),fidelity_across_halves,wikitext,bookcorpus,0.5091561909013692
real,vmf_sparse_pca100_lloyd100_n200,fidelity_across_halves,wikitext,bookcorpus,0.2856500202304369
real,vmf_sparse_pca100_lloyd100_n200,reliability_across_halves,wikitext,bookcorpus,0.09885852243307248
real,(ceiling),fidelity_across_halves,wikitext,agnews,0.6005729889696455
real,vmf_sparse_pca100_lloyd100_n200,fidelity_across_halves,wikitext,agnews,0.3098408764618243
real,vmf_sparse_pca100_lloyd100_n200,reliability_across_halves,wikitext,agnews,0.1398502045663567
real,(ceiling),fidelity_across_halves,wikitext,tldr17,0.527888420655906
real,vmf_sparse_pca100_lloyd100_n200,fidelity_across_halves,wikitext,tldr17,0.2732333749198987
real,vmf_sparse_pca100_lloyd100_n200,reliability_across_halves,wikitext,tldr17,0.09995539572270923
real,(ceiling),fidelity_across_halves,bookcorpus,wikitext,0.5166976980352462
real,vmf_sparse_pca100_lloyd100_n200,fidelity_across_halves,bookcorpus,wikitext,0.27961598129499476
real,vmf_sparse_pca100_lloyd100_n200,reliability_across_halves,bookcorpus,wikitext,0.10189887493066747
real,(ceiling),fidelity_across_halves,bookcorpus,agnews,0.39021431724848005
real,vmf_sparse_pca100_lloyd100_n200,fidelity_across_halves,bookcorpus,agnews,0.20932917661080538
real,vmf_sparse_pca100_lloyd100_n200,reliability_across_halves,bookcorpus,agnews,0.07704783879860562
real,(ceiling),fidelity_across_halves,bookcorpus,tldr17,0.5795205448879742
real,vmf_sparse_pca100_lloyd100_n200,fidelity_across_halves,bookcorpus,tldr17,0.2652338505115099
real,vmf_sparse_pca100_lloyd100_n200,reliability_across_halves,bookcorpus,tldr17,0.131049034150983
real,(ceiling),fidelity_across_halves,agnews,wikitext,0.5996057900076163
real,vmf_sparse_pca100_lloyd100_n200,fidelity_across_halves,agnews,wikitext,0.34539803976290945
real,vmf_sparse_pca100_lloyd100_n200,reliability_across_halves,agnews,wikitext,0.14281016934624977
real,(ceiling),fidelity_across_halves,agnews,bookcorpus,0.3859237992978306
real,vmf_sparse_pca100_lloyd100_n200,fidelity_across_halves,agnews,bookcorpus,0.23627849116382357
real,vmf_sparse_pca100_lloyd100_n200,reliability_across_halves,agnews,bookcorpus,0.07668527374262198
real,(ceiling),fidelity_across_halves,agnews,tldr17,0.46057339758341587
real,vmf_sparse_pca100_lloyd100_n200,fidelity_across_halves,agnews,tldr17,0.26207692895362583
real,vmf_sparse_pca100_lloyd100_n200,reliability_across_halves,agnews,tldr17,0.09119469535988466
real,(ceiling),fidelity_across_halves,tldr17,wikitext,0.5359207133489959
real,vmf_sparse_pca100_lloyd100_n200,fidelity_across_halves,tldr17,wikitext,0.28884290556181375
real,vmf_sparse_pca100_lloyd100_n200,reliability_across_halves,tldr17,wikitext,0.10130338334554796
real,(ceiling),fidelity_across_halves,tldr17,bookcorpus,0.576997269424198
real,vmf_sparse_pca100_lloyd100_n200,fidelity_across_halves,tldr17,bookcorpus,0.29798368559100785
real,vmf_sparse_pca100_lloyd100_n200,reliability_across_halves,tldr17,bookcorpus,0.12701763083865103
real,(ceiling),fidelity_across_halves,tldr17,agnews,0.4660372318224868
real,vmf_sparse_pca100_lloyd100_n200,fidelity_across_halves,tldr17,agnews,0.2553550349882041
real,vmf_sparse_pca100_lloyd100_n200,reliability_across_halves,tldr17,agnews,0.09211965845074988
null,(ceiling),fidelity_within,wikitext,wikitext,-0.1737097422764593
null,(ceiling),fidelity_within_r,wikitext,wikitext,0.4132720715095922
null,vmf_sparse_pca100_lloyd100_n200,reliability_within,wikitext,wikitext,0.15656962915359562
null,vmf_sparse_pca100_lloyd100_n200,reliability_within_coassoc,wikitext,wikitext,0.2814226203918682
null,vmf_sparse_pca100_lloyd100_n200,fidelity_within,wikitext,wikitext,0.14404770422791235
null,vmf_sparse_pca100_lloyd100_n200,fidelity_within_r,wikitext,wikitext,0.38182960169490565
null,vmf_sparse_pca100_lloyd100_n200,fidelity_within_insample,wikitext,wikitext,0.17937195300547204
null,vmf_sparse_pca100_lloyd100_n200,reliability_ceiling,wikitext,wikitext,0.7945866889069725
null,vmf_sparse_pca100_lloyd100_n200,triviality_ami_layer,wikitext,wikitext,0.04683277119196959
null,vmf_sparse_pca100_lloyd100_n200,triviality_ami_dimension,wikitext,wikitext,-0.0016698632840854728
null,vmf_sparse_pca100_lloyd100_n200,triviality_ami_hubness,wikitext,wikitext,0.22758434774400424
null,vmf_sparse_pca100_lloyd100_n200,triviality_n_effective_networks,wikitext,wikitext,100.0
null,vmf_sparse_pca100_lloyd100_n200,triviality_entropy_effective_networks,wikitext,wikitext,59.66687195851811
null,vmf_sparse_pca100_lloyd100_n200,triviality_median_max_membership,wikitext,wikitext,0.46
null,vmf_sparse_pca100_lloyd100_n200,triviality_frac_confident,wikitext,wikitext,0.41786858974358976
null,(ceiling),fidelity_within,bookcorpus,bookcorpus,-0.0722988156652864
null,(ceiling),fidelity_within_r,bookcorpus,bookcorpus,0.46358406201352853
null,vmf_sparse_pca100_lloyd100_n200,reliability_within,bookcorpus,bookcorpus,0.2686020595845873
null,vmf_sparse_pca100_lloyd100_n200,reliability_within_coassoc,bookcorpus,bookcorpus,0.41013534132525986
null,vmf_sparse_pca100_lloyd100_n200,fidelity_within,bookcorpus,bookcorpus,0.10217025827706694
null,vmf_sparse_pca100_lloyd100_n200,fidelity_within_r,bookcorpus,bookcorpus,0.3209426031497068
null,vmf_sparse_pca100_lloyd100_n200,fidelity_within_insample,bookcorpus,bookcorpus,0.12248249731152983
null,vmf_sparse_pca100_lloyd100_n200,reliability_ceiling,bookcorpus,bookcorpus,0.7893110965496761
null,vmf_sparse_pca100_lloyd100_n200,triviality_ami_layer,bookcorpus,bookcorpus,0.028880683598947025
null,vmf_sparse_pca100_lloyd100_n200,triviality_ami_dimension,bookcorpus,bookcorpus,-0.00043885840627635975
null,vmf_sparse_pca100_lloyd100_n200,triviality_ami_hubness,bookcorpus,bookcorpus,0.15364828484768292
null,vmf_sparse_pca100_lloyd100_n200,triviality_n_effective_networks,bookcorpus,bookcorpus,100.0
null,vmf_sparse_pca100_lloyd100_n200,triviality_entropy_effective_networks,bookcorpus,bookcorpus,47.8209029759633
null,vmf_sparse_pca100_lloyd100_n200,triviality_median_max_membership,bookcorpus,bookcorpus,0.51
null,vmf_sparse_pca100_lloyd100_n200,triviality_frac_confident,bookcorpus,bookcorpus,0.5130208333333334
null,(ceiling),fidelity_within,agnews,agnews,-0.15684586630037
null,(ceiling),fidelity_within_r,agnews,agnews,0.4257148198196732
null,vmf_sparse_pca100_lloyd100_n200,reliability_within,agnews,agnews,0.18473795852505687
null,vmf_sparse_pca100_lloyd100_n200,reliability_within_coassoc,agnews,agnews,0.3150012941681947
null,vmf_sparse_pca100_lloyd100_n200,fidelity_within,agnews,agnews,0.13486307935850694
null,vmf_sparse_pca100_lloyd100_n200,fidelity_within_r,agnews,agnews,0.37038878330472413
null,vmf_sparse_pca100_lloyd100_n200,fidelity_within_insample,agnews,agnews,0.17274711432259615
null,vmf_sparse_pca100_lloyd100_n200,reliability_ceiling,agnews,agnews,0.8223351949262367
null,vmf_sparse_pca100_lloyd100_n200,triviality_ami_layer,agnews,agnews,0.04266922918929216
null,vmf_sparse_pca100_lloyd100_n200,triviality_ami_dimension,agnews,agnews,-0.00218347468261755
null,vmf_sparse_pca100_lloyd100_n200,triviality_ami_hubness,agnews,agnews,0.17904790933044312
null,vmf_sparse_pca100_lloyd100_n200,triviality_n_effective_networks,agnews,agnews,100.0
null,vmf_sparse_pca100_lloyd100_n200,triviality_entropy_effective_networks,agnews,agnews,52.19189415652309
null,vmf_sparse_pca100_lloyd100_n200,triviality_median_max_membership,agnews,agnews,0.475
null,vmf_sparse_pca100_lloyd100_n200,triviality_frac_confident,agnews,agnews,0.4534254807692308
null,(ceiling),fidelity_within,tldr17,tldr17,-0.1801692429567292
null,(ceiling),fidelity_within_r,tldr17,tldr17,0.41554391990829437
null,vmf_sparse_pca100_lloyd100_n200,reliability_within,tldr17,tldr17,0.1816553424348798
null,vmf_sparse_pca100_lloyd100_n200,reliability_within_coassoc,tldr17,tldr17,0.337238115400532
null,vmf_sparse_pca100_lloyd100_n200,fidelity_within,tldr17,tldr17,0.15652502451904837
null,vmf_sparse_pca100_lloyd100_n200,fidelity_within_r,tldr17,tldr17,0.39850755598849985
null,vmf_sparse_pca100_lloyd100_n200,fidelity_within_insample,tldr17,tldr17,0.19514645024574662
null,vmf_sparse_pca100_lloyd100_n200,reliability_ceiling,tldr17,tldr17,0.7386162856443006
null,vmf_sparse_pca100_lloyd100_n200,triviality_ami_layer,tldr17,tldr17,0.0500864951643605
null,vmf_sparse_pca100_lloyd100_n200,triviality_ami_dimension,tldr17,tldr17,7.696650378973354e-05
null,vmf_sparse_pca100_lloyd100_n200,triviality_ami_hubness,tldr17,tldr17,0.2620643926643086
null,vmf_sparse_pca100_lloyd100_n200,triviality_n_effective_networks,tldr17,tldr17,100.0
null,vmf_sparse_pca100_lloyd100_n200,triviality_entropy_effective_networks,tldr17,tldr17,58.37387111886055
null,vmf_sparse_pca100_lloyd100_n200,triviality_median_max_membership,tldr17,tldr17,0.455
null,vmf_sparse_pca100_lloyd100_n200,triviality_frac_confident,tldr17,tldr17,0.40935496794871795
null,(ceiling),fidelity_across,wikitext,bookcorpus,0.40484027845901516
null,vmf_sparse_pca100_lloyd100_n200,fidelity_across,wikitext,bookcorpus,0.4103675146671137
null,vmf_sparse_pca100_lloyd100_n200,reliability_across,wikitext,bookcorpus,0.14163911523988407
null,(ceiling),fidelity_across,wikitext,agnews,0.4032087853501665
null,vmf_sparse_pca100_lloyd100_n200,fidelity_across,wikitext,agnews,0.39144732149945666
null,vmf_sparse_pca100_lloyd100_n200,reliability_across,wikitext,agnews,0.16303060966224975
null,(ceiling),fidelity_across,wikitext,tldr17,0.4030856511734902
null,vmf_sparse_pca100_lloyd100_n200,fidelity_across,wikitext,tldr17,0.40793437203558364
null,vmf_sparse_pca100_lloyd100_n200,reliability_across,wikitext,tldr17,0.14642666522999823
null,(ceiling),fidelity_across,bookcorpus,wikitext,0.40484027845901516
null,vmf_sparse_pca100_lloyd100_n200,fidelity_across,bookcorpus,wikitext,0.2870015048259233
null,vmf_sparse_pca100_lloyd100_n200,reliability_across,bookcorpus,wikitext,0.14163911523988407
null,(ceiling),fidelity_across,bookcorpus,agnews,0.4148261316912752
null,vmf_sparse_pca100_lloyd100_n200,fidelity_across,bookcorpus,agnews,0.2863993224295847
null,vmf_sparse_pca100_lloyd100_n200,reliability_across,bookcorpus,agnews,0.1589152017429899
null,(ceiling),fidelity_across,bookcorpus,tldr17,0.409649200213015
null,vmf_sparse_pca100_lloyd100_n200,fidelity_across,bookcorpus,tldr17,0.2974653062616126
null,vmf_sparse_pca100_lloyd100_n200,reliability_across,bookcorpus,tldr17,0.1505935076625263
null,(ceiling),fidelity_across,agnews,wikitext,0.40320878535016647
null,vmf_sparse_pca100_lloyd100_n200,fidelity_across,agnews,wikitext,0.3833748859529363
null,vmf_sparse_pca100_lloyd100_n200,reliability_across,agnews,wikitext,0.16303060966224975
null,(ceiling),fidelity_across,agnews,bookcorpus,0.4148261316912752
null,vmf_sparse_pca100_lloyd100_n200,fidelity_across,agnews,bookcorpus,0.40514933394618485
null,vmf_sparse_pca100_lloyd100_n200,reliability_across,agnews,bookcorpus,0.1589152017429899
null,(ceiling),fidelity_across,agnews,tldr17,0.3999870176379977
null,vmf_sparse_pca100_lloyd100_n200,fidelity_across,agnews,tldr17,0.3848609287925836
null,vmf_sparse_pca100_lloyd100_n200,reliability_across,agnews,tldr17,0.14017602242153307
null,(ceiling),fidelity_across,tldr17,wikitext,0.4030856511734902
null,vmf_sparse_pca100_lloyd100_n200,fidelity_across,tldr17,wikitext,0.40121319853105647
null,vmf_sparse_pca100_lloyd100_n200,reliability_across,tldr17,wikitext,0.14642666522999823
null,(ceiling),fidelity_across,tldr17,bookcorpus,0.40964920021301493
null,vmf_sparse_pca100_lloyd100_n200,fidelity_across,tldr17,bookcorpus,0.4098884439780673
null,vmf_sparse_pca100_lloyd100_n200,reliability_across,tldr17,bookcorpus,0.1505935076625263
null,(ceiling),fidelity_across,tldr17,agnews,0.3999870176379977
null,vmf_sparse_pca100_lloyd100_n200,fidelity_across,tldr17,agnews,0.3889034548717726
null,vmf_sparse_pca100_lloyd100_n200,reliability_across,tldr17,agnews,0.14017602242153307
null,(ceiling),fidelity_across_halves,wikitext,bookcorpus,0.40562954859944805
null,vmf_sparse_pca100_lloyd100_n200,fidelity_across_halves,wikitext,bookcorpus,0.3809203621133119
null,vmf_sparse_pca100_lloyd100_n200,reliability_across_halves,wikitext,bookcorpus,0.12722807696470784
null,(ceiling),fidelity_across_halves,wikitext,agnews,0.40321800276110825
null,vmf_sparse_pca100_lloyd100_n200,fidelity_across_halves,wikitext,agnews,0.3691206447900836
null,vmf_sparse_pca100_lloyd100_n200,reliability_across_halves,wikitext,agnews,0.13640657241598686
null,(ceiling),fidelity_across_halves,wikitext,tldr17,0.40095053165014855
null,vmf_sparse_pca100_lloyd100_n200,fidelity_across_halves,wikitext,tldr17,0.3796222185416767
null,vmf_sparse_pca100_lloyd100_n200,reliability_across_halves,wikitext,tldr17,0.13168610041227682
null,(ceiling),fidelity_across_halves,bookcorpus,wikitext,0.4124518012048155
null,vmf_sparse_pca100_lloyd100_n200,fidelity_across_halves,bookcorpus,wikitext,0.28258232567521646
null,vmf_sparse_pca100_lloyd100_n200,reliability_across_halves,bookcorpus,wikitext,0.11071821218871801
null,(ceiling),fidelity_across_halves,bookcorpus,agnews,0.4122261694976052
null,vmf_sparse_pca100_lloyd100_n200,fidelity_across_halves,bookcorpus,agnews,0.27533061843700013
null,vmf_sparse_pca100_lloyd100_n200,reliability_across_halves,bookcorpus,agnews,0.13742178075090378
null,(ceiling),fidelity_across_halves,bookcorpus,tldr17,0.41372853728957387
null,vmf_sparse_pca100_lloyd100_n200,fidelity_across_halves,bookcorpus,tldr17,0.28778492509744763
null,vmf_sparse_pca100_lloyd100_n200,reliability_across_halves,bookcorpus,tldr17,0.1369996971206762
null,(ceiling),fidelity_across_halves,agnews,wikitext,0.4198693796912115
null,vmf_sparse_pca100_lloyd100_n200,fidelity_across_halves,agnews,wikitext,0.35868908802494914
null,vmf_sparse_pca100_lloyd100_n200,reliability_across_halves,agnews,wikitext,0.12618098616090545
null,(ceiling),fidelity_across_halves,agnews,bookcorpus,0.4254038432886567
null,vmf_sparse_pca100_lloyd100_n200,fidelity_across_halves,agnews,bookcorpus,0.3764998668057434
null,vmf_sparse_pca100_lloyd100_n200,reliability_across_halves,agnews,bookcorpus,0.1323599009667583
null,(ceiling),fidelity_across_halves,agnews,tldr17,0.4092285116483608
null,vmf_sparse_pca100_lloyd100_n200,fidelity_across_halves,agnews,tldr17,0.3633541585036137
null,vmf_sparse_pca100_lloyd100_n200,reliability_across_halves,agnews,tldr17,0.12113826729190127
null,(ceiling),fidelity_across_halves,tldr17,wikitext,0.40521818340223087
null,vmf_sparse_pca100_lloyd100_n200,fidelity_across_halves,tldr17,wikitext,0.37698283712283565
null,vmf_sparse_pca100_lloyd100_n200,reliability_across_halves,tldr17,wikitext,0.11497898571439806
null,(ceiling),fidelity_across_halves,tldr17,bookcorpus,0.4109379375647447
null,vmf_sparse_pca100_lloyd100_n200,fidelity_across_halves,tldr17,bookcorpus,0.3877555040218094
null,vmf_sparse_pca100_lloyd100_n200,reliability_across_halves,tldr17,bookcorpus,0.1273113194688044
null,(ceiling),fidelity_across_halves,tldr17,agnews,0.3999890367124334
null,vmf_sparse_pca100_lloyd100_n200,fidelity_across_halves,tldr17,agnews,0.36703305737121467
null,vmf_sparse_pca100_lloyd100_n200,reliability_across_halves,tldr17,agnews,0.12445166227785859
pnull,vmf_sparse_pca100_lloyd100_n200,reliability_within_coassoc,wikitext,wikitext,0.0311271407398531
pnull,vmf_sparse_pca100_lloyd100_n200,reliability_within,wikitext,wikitext,0.015276957118102119
pnull,vmf_sparse_pca100_lloyd100_n200,fidelity_within,wikitext,wikitext,0.0342985709763578
pnull,vmf_sparse_pca100_lloyd100_n200,fidelity_within_r,wikitext,wikitext,0.18520099416269054
pnull,vmf_sparse_pca100_lloyd100_n200,fidelity_within_insample,wikitext,wikitext,0.03476534204472226
pnull,vmf_sparse_pca100_lloyd100_n200,triviality_ami_layer,wikitext,wikitext,0.04683277119196959
pnull,vmf_sparse_pca100_lloyd100_n200,triviality_ami_dimension,wikitext,wikitext,-0.0016698632840854728
pnull,vmf_sparse_pca100_lloyd100_n200,triviality_ami_hubness,wikitext,wikitext,0.030141788292855423
pnull,vmf_sparse_pca100_lloyd100_n200,triviality_n_effective_networks,wikitext,wikitext,100.0
pnull,vmf_sparse_pca100_lloyd100_n200,triviality_entropy_effective_networks,wikitext,wikitext,59.66687195851811
pnull,vmf_sparse_pca100_lloyd100_n200,triviality_median_max_membership,wikitext,wikitext,0.46
pnull,vmf_sparse_pca100_lloyd100_n200,triviality_frac_confident,wikitext,wikitext,0.41786858974358976
rand,vmf_sparse_pca100_lloyd100_n200,reliability_within,wikitext,wikitext,7.10141182727359e-05
rand,vmf_sparse_pca100_lloyd100_n200,fidelity_within,wikitext,wikitext,0.0027586239129464563
rand,vmf_sparse_pca100_lloyd100_n200,fidelity_within_r,wikitext,wikitext,0.052525059191724024
rand,vmf_sparse_pca100_lloyd100_n200,fidelity_within_insample,wikitext,wikitext,0.0027185795498243515
rand,vmf_sparse_pca100_lloyd100_n200,triviality_ami_layer,wikitext,wikitext,-0.0004130930069392583
rand,vmf_sparse_pca100_lloyd100_n200,triviality_ami_dimension,wikitext,wikitext,0.0009863696651619329
rand,vmf_sparse_pca100_lloyd100_n200,triviality_ami_hubness,wikitext,wikitext,0.000517396435211931
rand,vmf_sparse_pca100_lloyd100_n200,triviality_n_effective_networks,wikitext,wikitext,100.0
rand,vmf_sparse_pca100_lloyd100_n200,triviality_entropy_effective_networks,wikitext,wikitext,99.57331942821921
rand,vmf_sparse_pca100_lloyd100_n200,triviality_median_max_membership,wikitext,wikitext,1.0
rand,vmf_sparse_pca100_lloyd100_n200,triviality_frac_confident,wikitext,wikitext,1.0
pnull,vmf_sparse_pca100_lloyd100_n200,reliability_within_coassoc,bookcorpus,bookcorpus,0.030506065000458597
pnull,vmf_sparse_pca100_lloyd100_n200,reliability_within,bookcorpus,bookcorpus,0.014702003374998624
pnull,vmf_sparse_pca100_lloyd100_n200,fidelity_within,bookcorpus,bookcorpus,0.047141524906101684
pnull,vmf_sparse_pca100_lloyd100_n200,fidelity_within_r,bookcorpus,bookcorpus,0.2171241062712027
pnull,vmf_sparse_pca100_lloyd100_n200,fidelity_within_insample,bookcorpus,bookcorpus,0.047079489566837274
pnull,vmf_sparse_pca100_lloyd100_n200,triviality_ami_layer,bookcorpus,bookcorpus,0.028880683598947025
pnull,vmf_sparse_pca100_lloyd100_n200,triviality_ami_dimension,bookcorpus,bookcorpus,-0.00043885840627635975
pnull,vmf_sparse_pca100_lloyd100_n200,triviality_ami_hubness,bookcorpus,bookcorpus,0.03555335601792811
pnull,vmf_sparse_pca100_lloyd100_n200,triviality_n_effective_networks,bookcorpus,bookcorpus,100.0
pnull,vmf_sparse_pca100_lloyd100_n200,triviality_entropy_effective_networks,bookcorpus,bookcorpus,47.8209029759633
pnull,vmf_sparse_pca100_lloyd100_n200,triviality_median_max_membership,bookcorpus,bookcorpus,0.51
pnull,vmf_sparse_pca100_lloyd100_n200,triviality_frac_confident,bookcorpus,bookcorpus,0.5130208333333334
rand,vmf_sparse_pca100_lloyd100_n200,reliability_within,bookcorpus,bookcorpus,8.970454321457518e-05
rand,vmf_sparse_pca100_lloyd100_n200,fidelity_within,bookcorpus,bookcorpus,0.002828382724207601
rand,vmf_sparse_pca100_lloyd100_n200,fidelity_within_r,bookcorpus,bookcorpus,0.05319436970665963
rand,vmf_sparse_pca100_lloyd100_n200,fidelity_within_insample,bookcorpus,bookcorpus,0.002810606105743574
rand,vmf_sparse_pca100_lloyd100_n200,triviality_ami_layer,bookcorpus,bookcorpus,-0.00030185972476190573
rand,vmf_sparse_pca100_lloyd100_n200,triviality_ami_dimension,bookcorpus,bookcorpus,-0.00026502512719968254
rand,vmf_sparse_pca100_lloyd100_n200,triviality_ami_hubness,bookcorpus,bookcorpus,0.00042285046647784084
rand,vmf_sparse_pca100_lloyd100_n200,triviality_n_effective_networks,bookcorpus,bookcorpus,100.0
rand,vmf_sparse_pca100_lloyd100_n200,triviality_entropy_effective_networks,bookcorpus,bookcorpus,99.49873335223327
rand,vmf_sparse_pca100_lloyd100_n200,triviality_median_max_membership,bookcorpus,bookcorpus,1.0
rand,vmf_sparse_pca100_lloyd100_n200,triviality_frac_confident,bookcorpus,bookcorpus,1.0
pnull,vmf_sparse_pca100_lloyd100_n200,reliability_within_coassoc,agnews,agnews,0.03803934568486561
pnull,vmf_sparse_pca100_lloyd100_n200,reliability_within,agnews,agnews,0.018061212517845274
pnull,vmf_sparse_pca100_lloyd100_n200,fidelity_within,agnews,agnews,0.039799448468513465
pnull,vmf_sparse_pca100_lloyd100_n200,fidelity_within_r,agnews,agnews,0.1995211305058668
pnull,vmf_sparse_pca100_lloyd100_n200,fidelity_within_insample,agnews,agnews,0.040497410307485326
pnull,vmf_sparse_pca100_lloyd100_n200,triviality_ami_layer,agnews,agnews,0.04266922918929216
pnull,vmf_sparse_pca100_lloyd100_n200,triviality_ami_dimension,agnews,agnews,-0.00218347468261755
pnull,vmf_sparse_pca100_lloyd100_n200,triviality_ami_hubness,agnews,agnews,0.038195000328288604
pnull,vmf_sparse_pca100_lloyd100_n200,triviality_n_effective_networks,agnews,agnews,100.0
pnull,vmf_sparse_pca100_lloyd100_n200,triviality_entropy_effective_networks,agnews,agnews,52.19189415652309
pnull,vmf_sparse_pca100_lloyd100_n200,triviality_median_max_membership,agnews,agnews,0.475
pnull,vmf_sparse_pca100_lloyd100_n200,triviality_frac_confident,agnews,agnews,0.4534254807692308
rand,vmf_sparse_pca100_lloyd100_n200,reliability_within,agnews,agnews,3.744792557705231e-05
rand,vmf_sparse_pca100_lloyd100_n200,fidelity_within,agnews,agnews,0.002769066314774027
rand,vmf_sparse_pca100_lloyd100_n200,fidelity_within_r,agnews,agnews,0.05266713068988656
rand,vmf_sparse_pca100_lloyd100_n200,fidelity_within_insample,agnews,agnews,0.0027561382553169533
rand,vmf_sparse_pca100_lloyd100_n200,triviality_ami_layer,agnews,agnews,-0.00033063537931827457
rand,vmf_sparse_pca100_lloyd100_n200,triviality_ami_dimension,agnews,agnews,0.000756527854323518
rand,vmf_sparse_pca100_lloyd100_n200,triviality_ami_hubness,agnews,agnews,0.0017817421613106298
rand,vmf_sparse_pca100_lloyd100_n200,triviality_n_effective_networks,agnews,agnews,100.0
rand,vmf_sparse_pca100_lloyd100_n200,triviality_entropy_effective_networks,agnews,agnews,99.57215756151108
rand,vmf_sparse_pca100_lloyd100_n200,triviality_median_max_membership,agnews,agnews,1.0
rand,vmf_sparse_pca100_lloyd100_n200,triviality_frac_confident,agnews,agnews,1.0
pnull,vmf_sparse_pca100_lloyd100_n200,reliability_within_coassoc,tldr17,tldr17,0.03467158121542144
pnull,vmf_sparse_pca100_lloyd100_n200,reliability_within,tldr17,tldr17,0.015516949238279742
pnull,vmf_sparse_pca100_lloyd100_n200,fidelity_within,tldr17,tldr17,0.03529439810615098
pnull,vmf_sparse_pca100_lloyd100_n200,fidelity_within_r,tldr17,tldr17,0.18789892684821558
pnull,vmf_sparse_pca100_lloyd100_n200,fidelity_within_insample,tldr17,tldr17,0.036454441674453664
pnull,vmf_sparse_pca100_lloyd100_n200,triviality_ami_layer,tldr17,tldr17,0.0500864951643605
pnull,vmf_sparse_pca100_lloyd100_n200,triviality_ami_dimension,tldr17,tldr17,7.696650378973354e-05
pnull,vmf_sparse_pca100_lloyd100_n200,triviality_ami_hubness,tldr17,tldr17,0.03289789424256836
pnull,vmf_sparse_pca100_lloyd100_n200,triviality_n_effective_networks,tldr17,tldr17,100.0
pnull,vmf_sparse_pca100_lloyd100_n200,triviality_entropy_effective_networks,tldr17,tldr17,58.37387111886055
pnull,vmf_sparse_pca100_lloyd100_n200,triviality_median_max_membership,tldr17,tldr17,0.455
pnull,vmf_sparse_pca100_lloyd100_n200,triviality_frac_confident,tldr17,tldr17,0.40935496794871795
rand,vmf_sparse_pca100_lloyd100_n200,reliability_within,tldr17,tldr17,7.126054295532493e-05
rand,vmf_sparse_pca100_lloyd100_n200,fidelity_within,tldr17,tldr17,0.001983679832777696
rand,vmf_sparse_pca100_lloyd100_n200,fidelity_within_r,tldr17,tldr17,0.04456812391728209
rand,vmf_sparse_pca100_lloyd100_n200,fidelity_within_insample,tldr17,tldr17,0.0020208719331435976
rand,vmf_sparse_pca100_lloyd100_n200,triviality_ami_layer,tldr17,tldr17,-0.0006337955186848496
rand,vmf_sparse_pca100_lloyd100_n200,triviality_ami_dimension,tldr17,tldr17,0.00034978277920275384
rand,vmf_sparse_pca100_lloyd100_n200,triviality_ami_hubness,tldr17,tldr17,-0.00024895105896257123
rand,vmf_sparse_pca100_lloyd100_n200,triviality_n_effective_networks,tldr17,tldr17,100.0
rand,vmf_sparse_pca100_lloyd100_n200,triviality_entropy_effective_networks,tldr17,tldr17,99.49814167508846
rand,vmf_sparse_pca100_lloyd100_n200,triviality_median_max_membership,tldr17,tldr17,1.0
rand,vmf_sparse_pca100_lloyd100_n200,triviality_frac_confident,tldr17,tldr17,1.0
pnull,vmf_sparse_pca100_lloyd100_n200,fidelity_across_halves,wikitext,bookcorpus,0.17936696737864652
pnull,vmf_sparse_pca100_lloyd100_n200,reliability_across_halves,wikitext,bookcorpus,0.013494757596372791
rand,vmf_sparse_pca100_lloyd100_n200,fidelity_across_halves,wikitext,bookcorpus,0.04325505503047626
rand,vmf_sparse_pca100_lloyd100_n200,reliability_across_halves,wikitext,bookcorpus,-0.00016716105121919895
pnull,vmf_sparse_pca100_lloyd100_n200,fidelity_across_halves,wikitext,agnews,0.18450789502395004
pnull,vmf_sparse_pca100_lloyd100_n200,reliability_across_halves,wikitext,agnews,0.014537421267449625
rand,vmf_sparse_pca100_lloyd100_n200,fidelity_across_halves,wikitext,agnews,0.03370252029485978
rand,vmf_sparse_pca100_lloyd100_n200,reliability_across_halves,wikitext,agnews,7.95703571049396e-05
pnull,vmf_sparse_pca100_lloyd100_n200,fidelity_across_halves,wikitext,tldr17,0.1600206755728453
pnull,vmf_sparse_pca100_lloyd100_n200,reliability_across_halves,wikitext,tldr17,0.013638912362072176
rand,vmf_sparse_pca100_lloyd100_n200,fidelity_across_halves,wikitext,tldr17,0.04142510523997452
rand,vmf_sparse_pca100_lloyd100_n200,reliability_across_halves,wikitext,tldr17,0.00013818855360111054
pnull,vmf_sparse_pca100_lloyd100_n200,fidelity_across_halves,bookcorpus,wikitext,0.17014204229729477
pnull,vmf_sparse_pca100_lloyd100_n200,reliability_across_halves,bookcorpus,wikitext,0.013652679733930667
rand,vmf_sparse_pca100_lloyd100_n200,fidelity_across_halves,bookcorpus,wikitext,0.03743325836999979
rand,vmf_sparse_pca100_lloyd100_n200,reliability_across_halves,bookcorpus,wikitext,6.08838395603072e-06
pnull,vmf_sparse_pca100_lloyd100_n200,fidelity_across_halves,bookcorpus,agnews,0.16826990653163096
pnull,vmf_sparse_pca100_lloyd100_n200,reliability_across_halves,bookcorpus,agnews,0.013990791594943635
rand,vmf_sparse_pca100_lloyd100_n200,fidelity_across_halves,bookcorpus,agnews,0.0316253798591894
rand,vmf_sparse_pca100_lloyd100_n200,reliability_across_halves,bookcorpus,agnews,-9.612766265695545e-05
pnull,vmf_sparse_pca100_lloyd100_n200,fidelity_across_halves,bookcorpus,tldr17,0.16795696679186906
pnull,vmf_sparse_pca100_lloyd100_n200,reliability_across_halves,bookcorpus,tldr17,0.014416436035699132
rand,vmf_sparse_pca100_lloyd100_n200,fidelity_across_halves,bookcorpus,tldr17,0.03481871955900594
rand,vmf_sparse_pca100_lloyd100_n200,reliability_across_halves,bookcorpus,tldr17,-5.2345048683628215e-05
pnull,vmf_sparse_pca100_lloyd100_n200,fidelity_across_halves,agnews,wikitext,0.16847177919552483
pnull,vmf_sparse_pca100_lloyd100_n200,reliability_across_halves,agnews,wikitext,0.015187061185373057
rand,vmf_sparse_pca100_lloyd100_n200,fidelity_across_halves,agnews,wikitext,0.04449013052757505
rand,vmf_sparse_pca100_lloyd100_n200,reliability_across_halves,agnews,wikitext,2.223253658125929e-05
pnull,vmf_sparse_pca100_lloyd100_n200,fidelity_across_halves,agnews,bookcorpus,0.16504130036816225
pnull,vmf_sparse_pca100_lloyd100_n200,reliability_across_halves,agnews,bookcorpus,0.014760256608294154
rand,vmf_sparse_pca100_lloyd100_n200,fidelity_across_halves,agnews,bookcorpus,0.0352149185053705
rand,vmf_sparse_pca100_lloyd100_n200,reliability_across_halves,agnews,bookcorpus,0.00010494174266613768
pnull,vmf_sparse_pca100_lloyd100_n200,fidelity_across_halves,agnews,tldr17,0.14830402853995797
pnull,vmf_sparse_pca100_lloyd100_n200,reliability_across_halves,agnews,tldr17,0.01528946405232708
rand,vmf_sparse_pca100_lloyd100_n200,fidelity_across_halves,agnews,tldr17,0.035501982446336074
rand,vmf_sparse_pca100_lloyd100_n200,reliability_across_halves,agnews,tldr17,2.6152899287520505e-05
pnull,vmf_sparse_pca100_lloyd100_n200,fidelity_across_halves,tldr17,wikitext,0.1706300754469936
pnull,vmf_sparse_pca100_lloyd100_n200,reliability_across_halves,tldr17,wikitext,0.013259545308160562
rand,vmf_sparse_pca100_lloyd100_n200,fidelity_across_halves,tldr17,wikitext,0.035980360191690736
rand,vmf_sparse_pca100_lloyd100_n200,reliability_across_halves,tldr17,wikitext,-8.644139192492793e-05
pnull,vmf_sparse_pca100_lloyd100_n200,fidelity_across_halves,tldr17,bookcorpus,0.19335429554065262
pnull,vmf_sparse_pca100_lloyd100_n200,reliability_across_halves,tldr17,bookcorpus,0.013698892601514055
rand,vmf_sparse_pca100_lloyd100_n200,fidelity_across_halves,tldr17,bookcorpus,0.03515323142865373
rand,vmf_sparse_pca100_lloyd100_n200,reliability_across_halves,tldr17,bookcorpus,9.136419782549736e-05
pnull,vmf_sparse_pca100_lloyd100_n200,fidelity_across_halves,tldr17,agnews,0.18020806031655381
pnull,vmf_sparse_pca100_lloyd100_n200,reliability_across_halves,tldr17,agnews,0.014347238583994287
rand,vmf_sparse_pca100_lloyd100_n200,fidelity_across_halves,tldr17,agnews,0.029466895585824247
rand,vmf_sparse_pca100_lloyd100_n200,reliability_across_halves,tldr17,agnews,-9.91104728461145e-05
