tree,variant,domain,direction,metric,value
real,vmf_lloyd100,wikitext,halfA->halfB,yardstick_ari,0.7346635569834801
real,vmf_lloyd100,wikitext,halfA->halfB,reliability_ari,0.5967987278058549
real,vmf_lloyd100,wikitext,halfA->halfB,inertia_ratio,0.9928309507840026
real,vmf_lloyd100,wikitext,halfA->halfB,n_iter,12.0
real,vmf_lloyd100,wikitext,halfA->halfB,n_clusters,100.0
real,vmf_lloyd100,wikitext,halfB->halfA,yardstick_ari,0.7197344698243975
real,vmf_lloyd100,wikitext,halfB->halfA,reliability_ari,0.5967987278058549
real,vmf_lloyd100,wikitext,halfB->halfA,inertia_ratio,0.9938912774685515
real,vmf_lloyd100,wikitext,halfB->halfA,n_iter,15.0
real,vmf_lloyd100,wikitext,halfB->halfA,n_clusters,100.0
pnull,vmf_lloyd100,wikitext,halfA->halfB,yardstick_ari,0.022608774739638543
pnull,vmf_lloyd100,wikitext,halfA->halfB,reliability_ari,0.017384883375280432
pnull,vmf_lloyd100,wikitext,halfA->halfB,inertia_ratio,1.012026791290377
pnull,vmf_lloyd100,wikitext,halfA->halfB,n_iter,51.0
pnull,vmf_lloyd100,wikitext,halfA->halfB,n_clusters,100.0
pnull,vmf_lloyd100,wikitext,halfB->halfA,yardstick_ari,0.018300746024456995
pnull,vmf_lloyd100,wikitext,halfB->halfA,reliability_ari,0.013215865184346517
pnull,vmf_lloyd100,wikitext,halfB->halfA,inertia_ratio,1.0116036367890733
pnull,vmf_lloyd100,wikitext,halfB->halfA,n_iter,38.0
pnull,vmf_lloyd100,wikitext,halfB->halfA,n_clusters,100.0
real,vmf_pca100_lloyd100,wikitext,halfA->halfB,yardstick_ari,0.7713394503474097
real,vmf_pca100_lloyd100,wikitext,halfA->halfB,reliability_ari,0.6021268615104063
real,vmf_pca100_lloyd100,wikitext,halfA->halfB,inertia_ratio,0.9943123742607439
real,vmf_pca100_lloyd100,wikitext,halfA->halfB,n_iter,14.0
real,vmf_pca100_lloyd100,wikitext,halfA->halfB,n_clusters,100.0
real,vmf_pca100_lloyd100,wikitext,halfB->halfA,yardstick_ari,0.7577002055904553
real,vmf_pca100_lloyd100,wikitext,halfB->halfA,reliability_ari,0.6021268615104063
real,vmf_pca100_lloyd100,wikitext,halfB->halfA,inertia_ratio,0.9941587507596118
real,vmf_pca100_lloyd100,wikitext,halfB->halfA,n_iter,21.0
real,vmf_pca100_lloyd100,wikitext,halfB->halfA,n_clusters,100.0
pnull,vmf_pca100_lloyd100,wikitext,halfA->halfB,yardstick_ari,0.011899517975161606
pnull,vmf_pca100_lloyd100,wikitext,halfA->halfB,reliability_ari,0.01190727057936168
pnull,vmf_pca100_lloyd100,wikitext,halfA->halfB,inertia_ratio,1.0059945399615768
pnull,vmf_pca100_lloyd100,wikitext,halfA->halfB,n_iter,40.0
pnull,vmf_pca100_lloyd100,wikitext,halfA->halfB,n_clusters,100.0
pnull,vmf_pca100_lloyd100,wikitext,halfB->halfA,yardstick_ari,0.013362367180891366
pnull,vmf_pca100_lloyd100,wikitext,halfB->halfA,reliability_ari,0.011378560041052872
pnull,vmf_pca100_lloyd100,wikitext,halfB->halfA,inertia_ratio,1.006853096188075
pnull,vmf_pca100_lloyd100,wikitext,halfB->halfA,n_iter,44.0
pnull,vmf_pca100_lloyd100,wikitext,halfB->halfA,n_clusters,100.0
real,vmf_ward100,wikitext,halfA->halfB,yardstick_ari,0.34634555699160674
real,vmf_ward100,wikitext,halfA->halfB,reliability_ari,0.23776035015071678
real,vmf_ward100,wikitext,halfA->halfB,inertia_ratio,0.9569198497005086
real,vmf_ward100,wikitext,halfA->halfB,n_iter,15.0
real,vmf_ward100,wikitext,halfA->halfB,n_clusters,100.0
real,vmf_ward100,wikitext,halfB->halfA,yardstick_ari,0.32920048504479
real,vmf_ward100,wikitext,halfB->halfA,reliability_ari,0.23776035015071678
real,vmf_ward100,wikitext,halfB->halfA,inertia_ratio,0.9564754218702127
real,vmf_ward100,wikitext,halfB->halfA,n_iter,16.0
real,vmf_ward100,wikitext,halfB->halfA,n_clusters,100.0
pnull,vmf_ward100,wikitext,halfA->halfB,yardstick_ari,0.009770637794745322
pnull,vmf_ward100,wikitext,halfA->halfB,reliability_ari,0.00985791740814425
pnull,vmf_ward100,wikitext,halfA->halfB,inertia_ratio,0.963311930210412
pnull,vmf_ward100,wikitext,halfA->halfB,n_iter,59.0
pnull,vmf_ward100,wikitext,halfA->halfB,n_clusters,100.0
pnull,vmf_ward100,wikitext,halfB->halfA,yardstick_ari,0.009981993246244714
pnull,vmf_ward100,wikitext,halfB->halfA,reliability_ari,0.008094339117805252
pnull,vmf_ward100,wikitext,halfB->halfA,inertia_ratio,0.9645588804064857
pnull,vmf_ward100,wikitext,halfB->halfA,n_iter,36.0
pnull,vmf_ward100,wikitext,halfB->halfA,n_clusters,100.0
real,vmf_lloyd100,bookcorpus,halfA->halfB,yardstick_ari,0.746374041762617
real,vmf_lloyd100,bookcorpus,halfA->halfB,reliability_ari,0.6277882646500065
real,vmf_lloyd100,bookcorpus,halfA->halfB,inertia_ratio,0.9909895381984438
real,vmf_lloyd100,bookcorpus,halfA->halfB,n_iter,14.0
real,vmf_lloyd100,bookcorpus,halfA->halfB,n_clusters,100.0
real,vmf_lloyd100,bookcorpus,halfB->halfA,yardstick_ari,0.7337452049214108
real,vmf_lloyd100,bookcorpus,halfB->halfA,reliability_ari,0.6277882646500065
real,vmf_lloyd100,bookcorpus,halfB->halfA,inertia_ratio,0.9941059980820639
real,vmf_lloyd100,bookcorpus,halfB->halfA,n_iter,14.0
real,vmf_lloyd100,bookcorpus,halfB->halfA,n_clusters,100.0
pnull,vmf_lloyd100,bookcorpus,halfA->halfB,yardstick_ari,0.004034257696376439
pnull,vmf_lloyd100,bookcorpus,halfA->halfB,reliability_ari,0.004990045273955651
pnull,vmf_lloyd100,bookcorpus,halfA->halfB,inertia_ratio,1.0022543478949095
pnull,vmf_lloyd100,bookcorpus,halfA->halfB,n_iter,40.0
pnull,vmf_lloyd100,bookcorpus,halfA->halfB,n_clusters,100.0
pnull,vmf_lloyd100,bookcorpus,halfB->halfA,yardstick_ari,0.005283665013720753
pnull,vmf_lloyd100,bookcorpus,halfB->halfA,reliability_ari,0.006288491039893381
pnull,vmf_lloyd100,bookcorpus,halfB->halfA,inertia_ratio,1.0021010252916376
pnull,vmf_lloyd100,bookcorpus,halfB->halfA,n_iter,33.0
pnull,vmf_lloyd100,bookcorpus,halfB->halfA,n_clusters,100.0
real,vmf_pca100_lloyd100,bookcorpus,halfA->halfB,yardstick_ari,0.8044113574823522
real,vmf_pca100_lloyd100,bookcorpus,halfA->halfB,reliability_ari,0.6257630234152263
real,vmf_pca100_lloyd100,bookcorpus,halfA->halfB,inertia_ratio,0.9936290925954848
real,vmf_pca100_lloyd100,bookcorpus,halfA->halfB,n_iter,17.0
real,vmf_pca100_lloyd100,bookcorpus,halfA->halfB,n_clusters,100.0
real,vmf_pca100_lloyd100,bookcorpus,halfB->halfA,yardstick_ari,0.78254026631877
real,vmf_pca100_lloyd100,bookcorpus,halfB->halfA,reliability_ari,0.6257630234152263
real,vmf_pca100_lloyd100,bookcorpus,halfB->halfA,inertia_ratio,0.9938898585233987
real,vmf_pca100_lloyd100,bookcorpus,halfB->halfA,n_iter,11.0
real,vmf_pca100_lloyd100,bookcorpus,halfB->halfA,n_clusters,100.0
pnull,vmf_pca100_lloyd100,bookcorpus,halfA->halfB,yardstick_ari,0.00906620042584283
pnull,vmf_pca100_lloyd100,bookcorpus,halfA->halfB,reliability_ari,0.009734119773068648
pnull,vmf_pca100_lloyd100,bookcorpus,halfA->halfB,inertia_ratio,1.0057256615781218
pnull,vmf_pca100_lloyd100,bookcorpus,halfA->halfB,n_iter,50.0
pnull,vmf_pca100_lloyd100,bookcorpus,halfA->halfB,n_clusters,100.0
pnull,vmf_pca100_lloyd100,bookcorpus,halfB->halfA,yardstick_ari,0.008757665168455797
pnull,vmf_pca100_lloyd100,bookcorpus,halfB->halfA,reliability_ari,0.00903213388216795
pnull,vmf_pca100_lloyd100,bookcorpus,halfB->halfA,inertia_ratio,1.0100511230200142
pnull,vmf_pca100_lloyd100,bookcorpus,halfB->halfA,n_iter,68.0
pnull,vmf_pca100_lloyd100,bookcorpus,halfB->halfA,n_clusters,100.0
real,vmf_ward100,bookcorpus,halfA->halfB,yardstick_ari,0.3325683767459516
real,vmf_ward100,bookcorpus,halfA->halfB,reliability_ari,0.24801198089320722
real,vmf_ward100,bookcorpus,halfA->halfB,inertia_ratio,0.9514246963471565
real,vmf_ward100,bookcorpus,halfA->halfB,n_iter,24.0
real,vmf_ward100,bookcorpus,halfA->halfB,n_clusters,100.0
real,vmf_ward100,bookcorpus,halfB->halfA,yardstick_ari,0.337159377743347
real,vmf_ward100,bookcorpus,halfB->halfA,reliability_ari,0.24801198089320722
real,vmf_ward100,bookcorpus,halfB->halfA,inertia_ratio,0.9546019557654528
real,vmf_ward100,bookcorpus,halfB->halfA,n_iter,17.0
real,vmf_ward100,bookcorpus,halfB->halfA,n_clusters,100.0
pnull,vmf_ward100,bookcorpus,halfA->halfB,yardstick_ari,0.006985519043538608
pnull,vmf_ward100,bookcorpus,halfA->halfB,reliability_ari,0.0051153024025118584
pnull,vmf_ward100,bookcorpus,halfA->halfB,inertia_ratio,0.9575302016610554
pnull,vmf_ward100,bookcorpus,halfA->halfB,n_iter,34.0
pnull,vmf_ward100,bookcorpus,halfA->halfB,n_clusters,100.0
pnull,vmf_ward100,bookcorpus,halfB->halfA,yardstick_ari,0.007655658636460586
pnull,vmf_ward100,bookcorpus,halfB->halfA,reliability_ari,0.007310543987668872
pnull,vmf_ward100,bookcorpus,halfB->halfA,inertia_ratio,0.961378543882175
pnull,vmf_ward100,bookcorpus,halfB->halfA,n_iter,50.0
pnull,vmf_ward100,bookcorpus,halfB->halfA,n_clusters,100.0
real,vmf_lloyd100,agnews,halfA->halfB,yardstick_ari,0.7837843696365382
real,vmf_lloyd100,agnews,halfA->halfB,reliability_ari,0.6527858385497799
real,vmf_lloyd100,agnews,halfA->halfB,inertia_ratio,0.9948414003946352
real,vmf_lloyd100,agnews,halfA->halfB,n_iter,11.0
real,vmf_lloyd100,agnews,halfA->halfB,n_clusters,100.0
real,vmf_lloyd100,agnews,halfB->halfA,yardstick_ari,0.7572234422091184
real,vmf_lloyd100,agnews,halfB->halfA,reliability_ari,0.6527858385497799
real,vmf_lloyd100,agnews,halfB->halfA,inertia_ratio,0.9950972019811631
real,vmf_lloyd100,agnews,halfB->halfA,n_iter,14.0
real,vmf_lloyd100,agnews,halfB->halfA,n_clusters,100.0
pnull,vmf_lloyd100,agnews,halfA->halfB,yardstick_ari,0.0161687620780827
pnull,vmf_lloyd100,agnews,halfA->halfB,reliability_ari,0.013977423040815968
pnull,vmf_lloyd100,agnews,halfA->halfB,inertia_ratio,1.008374781088556
pnull,vmf_lloyd100,agnews,halfA->halfB,n_iter,72.0
pnull,vmf_lloyd100,agnews,halfA->halfB,n_clusters,100.0
pnull,vmf_lloyd100,agnews,halfB->halfA,yardstick_ari,0.01648488072984207
pnull,vmf_lloyd100,agnews,halfB->halfA,reliability_ari,0.012963490276133237
pnull,vmf_lloyd100,agnews,halfB->halfA,inertia_ratio,1.0139664159236201
pnull,vmf_lloyd100,agnews,halfB->halfA,n_iter,35.0
pnull,vmf_lloyd100,agnews,halfB->halfA,n_clusters,100.0
real,vmf_pca100_lloyd100,agnews,halfA->halfB,yardstick_ari,0.8069635328913397
real,vmf_pca100_lloyd100,agnews,halfA->halfB,reliability_ari,0.6269940482242482
real,vmf_pca100_lloyd100,agnews,halfA->halfB,inertia_ratio,0.9964064341693292
real,vmf_pca100_lloyd100,agnews,halfA->halfB,n_iter,14.0
real,vmf_pca100_lloyd100,agnews,halfA->halfB,n_clusters,100.0
real,vmf_pca100_lloyd100,agnews,halfB->halfA,yardstick_ari,0.7996997704066445
real,vmf_pca100_lloyd100,agnews,halfB->halfA,reliability_ari,0.6269940482242482
real,vmf_pca100_lloyd100,agnews,halfB->halfA,inertia_ratio,0.9960826112905459
real,vmf_pca100_lloyd100,agnews,halfB->halfA,n_iter,14.0
real,vmf_pca100_lloyd100,agnews,halfB->halfA,n_clusters,100.0
pnull,vmf_pca100_lloyd100,agnews,halfA->halfB,yardstick_ari,0.014441606598040833
pnull,vmf_pca100_lloyd100,agnews,halfA->halfB,reliability_ari,0.013986421850295642
pnull,vmf_pca100_lloyd100,agnews,halfA->halfB,inertia_ratio,1.0109807354562055
pnull,vmf_pca100_lloyd100,agnews,halfA->halfB,n_iter,34.0
pnull,vmf_pca100_lloyd100,agnews,halfA->halfB,n_clusters,100.0
pnull,vmf_pca100_lloyd100,agnews,halfB->halfA,yardstick_ari,0.01337516516923365
pnull,vmf_pca100_lloyd100,agnews,halfB->halfA,reliability_ari,0.013879567079660872
pnull,vmf_pca100_lloyd100,agnews,halfB->halfA,inertia_ratio,1.0080019321676312
pnull,vmf_pca100_lloyd100,agnews,halfB->halfA,n_iter,38.0
pnull,vmf_pca100_lloyd100,agnews,halfB->halfA,n_clusters,100.0
real,vmf_ward100,agnews,halfA->halfB,yardstick_ari,0.3470484512912661
real,vmf_ward100,agnews,halfA->halfB,reliability_ari,0.2523514641656226
real,vmf_ward100,agnews,halfA->halfB,inertia_ratio,0.9601034493037618
real,vmf_ward100,agnews,halfA->halfB,n_iter,14.0
real,vmf_ward100,agnews,halfA->halfB,n_clusters,100.0
real,vmf_ward100,agnews,halfB->halfA,yardstick_ari,0.34112267323589124
real,vmf_ward100,agnews,halfB->halfA,reliability_ari,0.2523514641656226
real,vmf_ward100,agnews,halfB->halfA,inertia_ratio,0.9608623322825065
real,vmf_ward100,agnews,halfB->halfA,n_iter,15.0
real,vmf_ward100,agnews,halfB->halfA,n_clusters,100.0
pnull,vmf_ward100,agnews,halfA->halfB,yardstick_ari,0.009299899474495521
pnull,vmf_ward100,agnews,halfA->halfB,reliability_ari,0.007647039779486209
pnull,vmf_ward100,agnews,halfA->halfB,inertia_ratio,0.966768748245131
pnull,vmf_ward100,agnews,halfA->halfB,n_iter,25.0
pnull,vmf_ward100,agnews,halfA->halfB,n_clusters,100.0
pnull,vmf_ward100,agnews,halfB->halfA,yardstick_ari,0.009749750259424123
pnull,vmf_ward100,agnews,halfB->halfA,reliability_ari,0.00855359757908885
pnull,vmf_ward100,agnews,halfB->halfA,inertia_ratio,0.9684797305490815
pnull,vmf_ward100,agnews,halfB->halfA,n_iter,48.0
pnull,vmf_ward100,agnews,halfB->halfA,n_clusters,100.0
real,vmf_lloyd100,tldr17,halfA->halfB,yardstick_ari,0.7044537933393752
real,vmf_lloyd100,tldr17,halfA->halfB,reliability_ari,0.5650070143432462
real,vmf_lloyd100,tldr17,halfA->halfB,inertia_ratio,0.993781941349085
real,vmf_lloyd100,tldr17,halfA->halfB,n_iter,12.0
real,vmf_lloyd100,tldr17,halfA->halfB,n_clusters,100.0
real,vmf_lloyd100,tldr17,halfB->halfA,yardstick_ari,0.7230383485931031
real,vmf_lloyd100,tldr17,halfB->halfA,reliability_ari,0.5650070143432462
real,vmf_lloyd100,tldr17,halfB->halfA,inertia_ratio,0.9942097446262208
real,vmf_lloyd100,tldr17,halfB->halfA,n_iter,19.0
real,vmf_lloyd100,tldr17,halfB->halfA,n_clusters,100.0
pnull,vmf_lloyd100,tldr17,halfA->halfB,yardstick_ari,0.02006508155636896
pnull,vmf_lloyd100,tldr17,halfA->halfB,reliability_ari,0.01289957844631622
pnull,vmf_lloyd100,tldr17,halfA->halfB,inertia_ratio,1.0112773810347735
pnull,vmf_lloyd100,tldr17,halfA->halfB,n_iter,26.0
pnull,vmf_lloyd100,tldr17,halfA->halfB,n_clusters,100.0
pnull,vmf_lloyd100,tldr17,halfB->halfA,yardstick_ari,0.01808518954384725
pnull,vmf_lloyd100,tldr17,halfB->halfA,reliability_ari,0.013702332730496333
pnull,vmf_lloyd100,tldr17,halfB->halfA,inertia_ratio,1.0092927725315064
pnull,vmf_lloyd100,tldr17,halfB->halfA,n_iter,37.0
pnull,vmf_lloyd100,tldr17,halfB->halfA,n_clusters,100.0
real,vmf_pca100_lloyd100,tldr17,halfA->halfB,yardstick_ari,0.760427297232113
real,vmf_pca100_lloyd100,tldr17,halfA->halfB,reliability_ari,0.6120576567999904
real,vmf_pca100_lloyd100,tldr17,halfA->halfB,inertia_ratio,0.9959873079908714
real,vmf_pca100_lloyd100,tldr17,halfA->halfB,n_iter,16.0
real,vmf_pca100_lloyd100,tldr17,halfA->halfB,n_clusters,100.0
real,vmf_pca100_lloyd100,tldr17,halfB->halfA,yardstick_ari,0.7695275275686809
real,vmf_pca100_lloyd100,tldr17,halfB->halfA,reliability_ari,0.6120576567999904
real,vmf_pca100_lloyd100,tldr17,halfB->halfA,inertia_ratio,0.9949249408775415
real,vmf_pca100_lloyd100,tldr17,halfB->halfA,n_iter,12.0
real,vmf_pca100_lloyd100,tldr17,halfB->halfA,n_clusters,100.0
pnull,vmf_pca100_lloyd100,tldr17,halfA->halfB,yardstick_ari,0.014292810443027321
pnull,vmf_pca100_lloyd100,tldr17,halfA->halfB,reliability_ari,0.012073462217071649
pnull,vmf_pca100_lloyd100,tldr17,halfA->halfB,inertia_ratio,1.0081875059455847
pnull,vmf_pca100_lloyd100,tldr17,halfA->halfB,n_iter,47.0
pnull,vmf_pca100_lloyd100,tldr17,halfA->halfB,n_clusters,100.0
pnull,vmf_pca100_lloyd100,tldr17,halfB->halfA,yardstick_ari,0.01312910546880856
pnull,vmf_pca100_lloyd100,tldr17,halfB->halfA,reliability_ari,0.012512972187896265
pnull,vmf_pca100_lloyd100,tldr17,halfB->halfA,inertia_ratio,1.0047925734912422
pnull,vmf_pca100_lloyd100,tldr17,halfB->halfA,n_iter,52.0
pnull,vmf_pca100_lloyd100,tldr17,halfB->halfA,n_clusters,100.0
real,vmf_ward100,tldr17,halfA->halfB,yardstick_ari,0.292823390664194
real,vmf_ward100,tldr17,halfA->halfB,reliability_ari,0.207846140491942
real,vmf_ward100,tldr17,halfA->halfB,inertia_ratio,0.9564995338286776
real,vmf_ward100,tldr17,halfA->halfB,n_iter,25.0
real,vmf_ward100,tldr17,halfA->halfB,n_clusters,100.0
real,vmf_ward100,tldr17,halfB->halfA,yardstick_ari,0.27769417944784863
real,vmf_ward100,tldr17,halfB->halfA,reliability_ari,0.207846140491942
real,vmf_ward100,tldr17,halfB->halfA,inertia_ratio,0.9573768430412297
real,vmf_ward100,tldr17,halfB->halfA,n_iter,22.0
real,vmf_ward100,tldr17,halfB->halfA,n_clusters,100.0
pnull,vmf_ward100,tldr17,halfA->halfB,yardstick_ari,0.007948865493654906
pnull,vmf_ward100,tldr17,halfA->halfB,reliability_ari,0.007520311575417325
pnull,vmf_ward100,tldr17,halfA->halfB,inertia_ratio,0.9636909315418729
pnull,vmf_ward100,tldr17,halfA->halfB,n_iter,32.0
pnull,vmf_ward100,tldr17,halfA->halfB,n_clusters,100.0
pnull,vmf_ward100,tldr17,halfB->halfA,yardstick_ari,0.008572463876189707
pnull,vmf_ward100,tldr17,halfB->halfA,reliability_ari,0.007313662912074142
pnull,vmf_ward100,tldr17,halfB->halfA,inertia_ratio,0.9632353205886958
pnull,vmf_ward100,tldr17,halfB->halfA,n_iter,48.0
pnull,vmf_ward100,tldr17,halfB->halfA,n_clusters,100.0
